{
  "@context": [
    "https://w3id.org/ro/crate/1.1/context"
  ],
  "@graph": [
    {
      "@id": "ro-crate-metadata.json",
      "@type": "CreativeWork",
      "about": {
        "@id": "https://training.galaxyproject.org/training-material/topics/assembly/tutorials/flye-assembly/workflows/main_workflow.html"
      },
      "conformsTo": {
        "@id": "https://w3id.org/ro/crate/1.1"
      }
    },
    {
      "@id": "https://training.galaxyproject.org/training-material/topics/assembly/tutorials/flye-assembly/workflows/main_workflow.html",
      "@type": "Dataset",
      "name": "Genome Assembly using PacBio data",
      "description": "Genome Assembly using PacBio data and Flye assembler\n\n## Associated Tutorial\n\nThis workflows is part of the tutorial [Genome assembly using PacBio data](https://training.galaxyproject.org/training-material/topics/assembly/tutorials/flye-assembly/tutorial.html), available in the [GTN](https://training.galaxyproject.org)\n\n\n\n\n\n## Thanks to...\n\n**Workflow Author(s)**: Erwan Corre, Stéphanie Robin, Anthony Bretaudeau, Alexandre Cormier\n\n**Tutorial Author(s)**: [Anthony Bretaudeau](https://training.galaxyproject.org/training-material/hall-of-fame/abretaud/), [Alexandre Cormier](https://training.galaxyproject.org/training-material/hall-of-fame/alexcorm/), [Erwan Corre](https://training.galaxyproject.org/training-material/hall-of-fame/r1corre/), [Laura Leroi](https://training.galaxyproject.org/training-material/hall-of-fame/lleroi/), [Stéphanie Robin](https://training.galaxyproject.org/training-material/hall-of-fame/stephanierobin/)\n\n**Tutorial Contributor(s)**: [Helena Rasche](https://training.galaxyproject.org/training-material/hall-of-fame/hexylena/), [Anthony Bretaudeau](https://training.galaxyproject.org/training-material/hall-of-fame/abretaud/), [Stéphanie Robin](https://training.galaxyproject.org/training-material/hall-of-fame/stephanierobin/), [Cristóbal Gallardo](https://training.galaxyproject.org/training-material/hall-of-fame/gallardoalba/), [Saskia Hiltemann](https://training.galaxyproject.org/training-material/hall-of-fame/shiltemann/)\n\n**Grants(s)**: [Gallantries: Bridging Training Communities in Life Science, Environment and Health](https://training.galaxyproject.org/training-material/hall-of-fame/gallantries/)\n\n[![gtn star logo followed by the word workflows](https://training.galaxyproject.org/training-material/assets/branding/gtn-workflows.png)](https://training.galaxyproject.org/training-material/)",
      "version": "1.0",
      "license": "https://spdx.org/licenses/GPL-3.0-or-later",
      "datePublished": "2024-12-20T00:06:41.515+00:00",
      "mainEntity": {
        "@id": "main-workflow.ga"
      },
      "hasPart": [
        {
          "@id": "main-workflow.ga"
        },
        {
          "@id": "graph.png"
        }
      ]
    },
    {
      "@id": "main-workflow.ga",
      "@type": [
        "File",
        "SoftwareSourceCode",
        "ComputationalWorkflow"
      ],
      "author": [
        {
          "@id": "#ab0c6b1a-d17a-4bfd-a366-00455b2e7823"
        },
        {
          "@id": "#6b9889ca-a459-42e3-8d36-cfc9e31e88fa"
        },
        {
          "@id": "#abf7bed8-ed9e-4d77-b916-36b42b6e04ce"
        },
        {
          "@id": "#308f93ea-1bf1-479f-9dbb-dac2f571375d"
        }
      ],
      "name": "Genome Assembly using PacBio data",
      "programmingLanguage": {
        "@id": "https://w3id.org/workflowhub/workflow-ro-crate#galaxy"
      },
      "image": {
        "@id": "graph.png"
      }
    },
    {
      "@id": "graph.png",
      "@type": [
        "File",
        "ImageObject",
        "WorkflowSketch"
      ],
      "contentSize": 76433
    },
    {
      "@id": "https://w3id.org/workflowhub/workflow-ro-crate#galaxy",
      "@type": "ComputerLanguage",
      "identifier": {
        "@id": "https://galaxyproject.org/"
      },
      "name": "Galaxy",
      "url": {
        "@id": "https://galaxyproject.org/"
      },
      "version": "23.1"
    },
    {
      "@id": "#ab0c6b1a-d17a-4bfd-a366-00455b2e7823",
      "@type": "Person",
      "name": "Erwan Corre"
    },
    {
      "@id": "#6b9889ca-a459-42e3-8d36-cfc9e31e88fa",
      "@type": "Person",
      "name": "Stéphanie Robin"
    },
    {
      "@id": "#abf7bed8-ed9e-4d77-b916-36b42b6e04ce",
      "@type": "Person",
      "name": "Anthony Bretaudeau"
    },
    {
      "@id": "#308f93ea-1bf1-479f-9dbb-dac2f571375d",
      "@type": "Person",
      "name": "Alexandre Cormier"
    }
  ]
}