{
  "@context": [
    "https://w3id.org/ro/crate/1.1/context"
  ],
  "@graph": [
    {
      "@id": "ro-crate-metadata.json",
      "@type": "CreativeWork",
      "about": {
        "@id": "https://training.galaxyproject.org/training-material/topics/evolution/tutorials/mtb_transmission/workflows/Galaxy-Workflow-From_Fastqs_to_VCFs_and_BAMs.html"
      },
      "conformsTo": {
        "@id": "https://w3id.org/ro/crate/1.1"
      }
    },
    {
      "@id": "https://training.galaxyproject.org/training-material/topics/evolution/tutorials/mtb_transmission/workflows/Galaxy-Workflow-From_Fastqs_to_VCFs_and_BAMs.html",
      "@type": "Dataset",
      "name": "From Fastqs to VCFs and BAMs",
      "description": "From Fastqs to VCFs and BAMs\n\n## Associated Tutorial\n\nThis workflows is part of the tutorial [Identifying tuberculosis transmission links: from SNPs to transmission clusters](https://training.galaxyproject.org/training-material/topics/evolution/tutorials/mtb_transmission/tutorial.html), available in the [GTN](https://training.galaxyproject.org)\n\n\n\n\n\n## Thanks to...\n\n**Tutorial Author(s)**: [Galo A. Goig](https://training.galaxyproject.org/training-material/hall-of-fame/GaloGS/), [Daniela Brites](https://training.galaxyproject.org/training-material/hall-of-fame/dbrites/), [Christoph Stritt](https://training.galaxyproject.org/training-material/hall-of-fame/cstritt/)\n\n**Tutorial Contributor(s)**: [Wolfgang Maier](https://training.galaxyproject.org/training-material/hall-of-fame/wm75/), [Saskia Hiltemann](https://training.galaxyproject.org/training-material/hall-of-fame/shiltemann/), [Helena Rasche](https://training.galaxyproject.org/training-material/hall-of-fame/hexylena/), [Galo A. Goig](https://training.galaxyproject.org/training-material/hall-of-fame/GaloGS/), [Björn Grüning](https://training.galaxyproject.org/training-material/hall-of-fame/bgruening/), [Peter van Heusden](https://training.galaxyproject.org/training-material/hall-of-fame/pvanheus/), [Christoph Stritt](https://training.galaxyproject.org/training-material/hall-of-fame/cstritt/), [Lucille Delisle](https://training.galaxyproject.org/training-material/hall-of-fame/lldelisle/)\n\n[![gtn star logo followed by the word workflows](https://training.galaxyproject.org/training-material/assets/branding/gtn-workflows.png)](https://training.galaxyproject.org/training-material/)",
      "version": "1.0",
      "license": "https://spdx.org/licenses/CC-BY-4.0",
      "datePublished": "2024-12-19T16:02:04.013+00:00",
      "mainEntity": {
        "@id": "galaxy-workflow-from-fastqs-to-vcfs-and-bams.ga"
      },
      "hasPart": [
        {
          "@id": "galaxy-workflow-from-fastqs-to-vcfs-and-bams.ga"
        },
        {
          "@id": "graph.png"
        }
      ]
    },
    {
      "@id": "galaxy-workflow-from-fastqs-to-vcfs-and-bams.ga",
      "@type": [
        "File",
        "SoftwareSourceCode",
        "ComputationalWorkflow"
      ],
      "author": [

      ],
      "name": "From Fastqs to VCFs and BAMs",
      "programmingLanguage": {
        "@id": "https://w3id.org/workflowhub/workflow-ro-crate#galaxy"
      },
      "image": {
        "@id": "graph.png"
      }
    },
    {
      "@id": "graph.png",
      "@type": [
        "File",
        "ImageObject",
        "WorkflowSketch"
      ],
      "contentSize": 73391
    },
    {
      "@id": "https://w3id.org/workflowhub/workflow-ro-crate#galaxy",
      "@type": "ComputerLanguage",
      "identifier": {
        "@id": "https://galaxyproject.org/"
      },
      "name": "Galaxy",
      "url": {
        "@id": "https://galaxyproject.org/"
      },
      "version": "23.1"
    }
  ]
}