{
  "@context": [
    "https://w3id.org/ro/crate/1.1/context"
  ],
  "@graph": [
    {
      "@id": "ro-crate-metadata.json",
      "@type": "CreativeWork",
      "about": {
        "@id": "https://training.galaxyproject.org/training-material/topics/assembly/tutorials/general-introduction/workflows/assembly-general-introduction.html"
      },
      "conformsTo": {
        "@id": "https://w3id.org/ro/crate/1.1"
      }
    },
    {
      "@id": "https://training.galaxyproject.org/training-material/topics/assembly/tutorials/general-introduction/workflows/assembly-general-introduction.html",
      "@type": "Dataset",
      "name": "Intro to Genome Assembly",
      "description": "tutorial\n\n## Associated Tutorial\n\nThis workflows is part of the tutorial [An Introduction to Genome Assembly](https://training.galaxyproject.org/training-material/topics/assembly/tutorials/general-introduction/tutorial.html), available in the [GTN](https://training.galaxyproject.org)\n\n## Features\n\n* Includes [Galaxy Workflow Tests](https://training.galaxyproject.org/training-material/faqs/gtn/workflow_run_test.html)\n\n## Thanks to...\n\n**Tutorial Author(s)**: [Simon Gladman](https://training.galaxyproject.org/training-material/hall-of-fame/slugger70/)\n\n[![gtn star logo followed by the word workflows](https://training.galaxyproject.org/training-material/assets/branding/gtn-workflows.png)](https://training.galaxyproject.org/training-material/)",
      "version": "5.0",
      "license": "https://spdx.org/licenses/CC-BY-4.0",
      "datePublished": "2025-01-10T17:30:13.372+00:00",
      "mainEntity": {
        "@id": "assembly-general-introduction.ga"
      },
      "hasPart": [
        {
          "@id": "assembly-general-introduction.ga"
        },
        {
          "@id": "graph.png"
        }
      ]
    },
    {
      "@id": "assembly-general-introduction.ga",
      "@type": [
        "File",
        "SoftwareSourceCode",
        "ComputationalWorkflow"
      ],
      "author": [

      ],
      "name": "Intro to Genome Assembly",
      "programmingLanguage": {
        "@id": "https://w3id.org/workflowhub/workflow-ro-crate#galaxy"
      },
      "image": {
        "@id": "graph.png"
      }
    },
    {
      "@id": "graph.png",
      "@type": [
        "File",
        "ImageObject",
        "WorkflowSketch"
      ],
      "contentSize": 103043
    },
    {
      "@id": "https://w3id.org/workflowhub/workflow-ro-crate#galaxy",
      "@type": "ComputerLanguage",
      "identifier": {
        "@id": "https://galaxyproject.org/"
      },
      "name": "Galaxy",
      "url": {
        "@id": "https://galaxyproject.org/"
      },
      "version": "23.1"
    }
  ]
}