{
  "@context": [
    "https://w3id.org/ro/crate/1.1/context"
  ],
  "@graph": [
    {
      "@id": "ro-crate-metadata.json",
      "@type": "CreativeWork",
      "about": {
        "@id": "https://training.galaxyproject.org/training-material/topics/single-cell/tutorials/GO-enrichment/workflows/main_workflow.html"
      },
      "conformsTo": {
        "@id": "https://w3id.org/ro/crate/1.1"
      }
    },
    {
      "@id": "https://training.galaxyproject.org/training-material/topics/single-cell/tutorials/GO-enrichment/workflows/main_workflow.html",
      "@type": "Dataset",
      "name": "GO Enrichment Workflow",
      "description": "## Associated Tutorial\n\nThis workflows is part of the tutorial [GO Enrichment Analysis on Single-Cell RNA-Seq Data](https://training.galaxyproject.org/training-material/topics/single-cell/tutorials/GO-enrichment/tutorial.html), available in the [GTN](https://training.galaxyproject.org)\n\n## Features\n\n* Includes [Galaxy Workflow Tests](https://training.galaxyproject.org/training-material/faqs/gtn/workflow_run_test.html)\n* Includes a [Galaxy Workflow Report](https://training.galaxyproject.org/training-material/faqs/galaxy/workflows_report_view.html)\n\n## Thanks to...\n\n**Workflow Author(s)**: Menna Gamal\n\n**Tutorial Author(s)**: [Menna Gamal](https://training.galaxyproject.org/training-material/hall-of-fame/MennaGamal/)\n\n**Tutorial Contributor(s)**: [Wendi Bacon](https://training.galaxyproject.org/training-material/hall-of-fame/nomadscientist/), [Björn Grüning](https://training.galaxyproject.org/training-material/hall-of-fame/bgruening/), [Pablo Moreno](https://training.galaxyproject.org/training-material/hall-of-fame/pcm32/), [Helena Rasche](https://training.galaxyproject.org/training-material/hall-of-fame/hexylena/), [Saskia Hiltemann](https://training.galaxyproject.org/training-material/hall-of-fame/shiltemann/), [Mennayousef](https://training.galaxyproject.org/training-material/hall-of-fame/Mennayousef/)\n\n[![gtn star logo followed by the word workflows](https://training.galaxyproject.org/training-material/assets/branding/gtn-workflows.png)](https://training.galaxyproject.org/training-material/)",
      "version": "1.0",
      "license": "https://spdx.org/licenses/CC-BY-4.0",
      "datePublished": "2024-12-18T12:58:12.978+00:00",
      "mainEntity": {
        "@id": "main-workflow.ga"
      },
      "hasPart": [
        {
          "@id": "main-workflow.ga"
        },
        {
          "@id": "graph.png"
        }
      ]
    },
    {
      "@id": "main-workflow.ga",
      "@type": [
        "File",
        "SoftwareSourceCode",
        "ComputationalWorkflow"
      ],
      "author": [
        {
          "@id": "https://orcid.org/0009-0009-7422-4764"
        }
      ],
      "name": "GO Enrichment Workflow",
      "programmingLanguage": {
        "@id": "https://w3id.org/workflowhub/workflow-ro-crate#galaxy"
      },
      "image": {
        "@id": "graph.png"
      }
    },
    {
      "@id": "graph.png",
      "@type": [
        "File",
        "ImageObject",
        "WorkflowSketch"
      ],
      "contentSize": 38393
    },
    {
      "@id": "https://w3id.org/workflowhub/workflow-ro-crate#galaxy",
      "@type": "ComputerLanguage",
      "identifier": {
        "@id": "https://galaxyproject.org/"
      },
      "name": "Galaxy",
      "url": {
        "@id": "https://galaxyproject.org/"
      },
      "version": "23.1"
    },
    {
      "@id": "https://orcid.org/0009-0009-7422-4764",
      "@type": "Person",
      "name": "Menna Gamal"
    }
  ]
}