{
  "@context": [
    "https://w3id.org/ro/crate/1.1/context"
  ],
  "@graph": [
    {
      "@id": "ro-crate-metadata.json",
      "@type": "CreativeWork",
      "about": {
        "@id": "https://training.galaxyproject.org/training-material/topics/statistics/tutorials/gpu_jupyter_lab/workflows/gpu_jupyterlab_as_jupytool.html"
      },
      "conformsTo": {
        "@id": "https://w3id.org/ro/crate/1.1"
      }
    },
    {
      "@id": "https://training.galaxyproject.org/training-material/topics/statistics/tutorials/gpu_jupyter_lab/workflows/gpu_jupyterlab_as_jupytool.html",
      "@type": "Dataset",
      "name": "gpu_jupytool",
      "description": "## Associated Tutorial\n\nThis workflows is part of the tutorial [A Docker-based interactive Jupyterlab powered by GPU for artificial intelligence in Galaxy](https://training.galaxyproject.org/training-material/topics/statistics/tutorials/gpu_jupyter_lab/tutorial.html), available in the [GTN](https://training.galaxyproject.org)\n\n\n\n\n\n## Thanks to...\n\n**Tutorial Author(s)**: [Anup Kumar](https://training.galaxyproject.org/training-material/hall-of-fame/anuprulez/)\n\n[![gtn star logo followed by the word workflows](https://training.galaxyproject.org/training-material/assets/branding/gtn-workflows.png)](https://training.galaxyproject.org/training-material/)",
      "version": "1.0",
      "license": "https://spdx.org/licenses/CC-BY-4.0",
      "datePublished": "2024-12-20T12:11:06.354+00:00",
      "mainEntity": {
        "@id": "gpu-jupyterlab-as-jupytool.ga"
      },
      "hasPart": [
        {
          "@id": "gpu-jupyterlab-as-jupytool.ga"
        },
        {
          "@id": "graph.png"
        }
      ]
    },
    {
      "@id": "gpu-jupyterlab-as-jupytool.ga",
      "@type": [
        "File",
        "SoftwareSourceCode",
        "ComputationalWorkflow"
      ],
      "author": [

      ],
      "name": "gpu_jupytool",
      "programmingLanguage": {
        "@id": "https://w3id.org/workflowhub/workflow-ro-crate#galaxy"
      },
      "image": {
        "@id": "graph.png"
      }
    },
    {
      "@id": "graph.png",
      "@type": [
        "File",
        "ImageObject",
        "WorkflowSketch"
      ],
      "contentSize": 31618
    },
    {
      "@id": "https://w3id.org/workflowhub/workflow-ro-crate#galaxy",
      "@type": "ComputerLanguage",
      "identifier": {
        "@id": "https://galaxyproject.org/"
      },
      "name": "Galaxy",
      "url": {
        "@id": "https://galaxyproject.org/"
      },
      "version": "23.1"
    }
  ]
}