{
  "@context": [
    "https://w3id.org/ro/crate/1.1/context"
  ],
  "@graph": [
    {
      "@id": "ro-crate-metadata.json",
      "@type": "CreativeWork",
      "about": {
        "@id": "https://training.galaxyproject.org/training-material/topics/introduction/tutorials/galaxy-intro-ngs-data-managment/workflows/ngs_intro_workflow.html"
      },
      "conformsTo": {
        "@id": "https://w3id.org/ro/crate/1.1"
      }
    },
    {
      "@id": "https://training.galaxyproject.org/training-material/topics/introduction/tutorials/galaxy-intro-ngs-data-managment/workflows/ngs_intro_workflow.html",
      "@type": "Dataset",
      "name": "NGS_tutorial",
      "description": "NGS data logistics\n\n## Associated Tutorial\n\nThis workflows is part of the tutorial [NGS data logistics](https://training.galaxyproject.org/training-material/topics/introduction/tutorials/galaxy-intro-ngs-data-managment/tutorial.html), available in the [GTN](https://training.galaxyproject.org)\n\n\n\n\n\n## Thanks to...\n\n**Tutorial Author(s)**: [Anton Nekrutenko](https://training.galaxyproject.org/training-material/hall-of-fame/nekrut/), [Marius van den Beek](https://training.galaxyproject.org/training-material/hall-of-fame/mvdbeek/), [Dave Clements](https://training.galaxyproject.org/training-material/hall-of-fame/tnabtaf/), [Daniel Blankenberg](https://training.galaxyproject.org/training-material/hall-of-fame/blankenberg/)\n\n**Tutorial Contributor(s)**: [Helena Rasche](https://training.galaxyproject.org/training-material/hall-of-fame/hexylena/), [Saskia Hiltemann](https://training.galaxyproject.org/training-material/hall-of-fame/shiltemann/), [Mehmet Tekman](https://training.galaxyproject.org/training-material/hall-of-fame/mtekman/), [Nicola Soranzo](https://training.galaxyproject.org/training-material/hall-of-fame/nsoranzo/), [Björn Grüning](https://training.galaxyproject.org/training-material/hall-of-fame/bgruening/), [Anton Nekrutenko](https://training.galaxyproject.org/training-material/hall-of-fame/nekrut/), [John Davis](https://training.galaxyproject.org/training-material/hall-of-fame/jdavcs/), [William Durand](https://training.galaxyproject.org/training-material/hall-of-fame/willdurand/), [Bérénice Batut](https://training.galaxyproject.org/training-material/hall-of-fame/bebatut/), [Niall Beard](https://training.galaxyproject.org/training-material/hall-of-fame/njall/)\n\n[![gtn star logo followed by the word workflows](https://training.galaxyproject.org/training-material/assets/branding/gtn-workflows.png)](https://training.galaxyproject.org/training-material/)",
      "version": "1.0",
      "license": "https://spdx.org/licenses/CC-BY-4.0",
      "datePublished": "2025-01-16T00:06:35.247+00:00",
      "mainEntity": {
        "@id": "ngs-intro-workflow.ga"
      },
      "hasPart": [
        {
          "@id": "ngs-intro-workflow.ga"
        },
        {
          "@id": "graph.png"
        }
      ]
    },
    {
      "@id": "ngs-intro-workflow.ga",
      "@type": [
        "File",
        "SoftwareSourceCode",
        "ComputationalWorkflow"
      ],
      "author": [

      ],
      "name": "NGS_tutorial",
      "programmingLanguage": {
        "@id": "https://w3id.org/workflowhub/workflow-ro-crate#galaxy"
      },
      "image": {
        "@id": "graph.png"
      }
    },
    {
      "@id": "graph.png",
      "@type": [
        "File",
        "ImageObject",
        "WorkflowSketch"
      ],
      "contentSize": 107587
    },
    {
      "@id": "https://w3id.org/workflowhub/workflow-ro-crate#galaxy",
      "@type": "ComputerLanguage",
      "identifier": {
        "@id": "https://galaxyproject.org/"
      },
      "name": "Galaxy",
      "url": {
        "@id": "https://galaxyproject.org/"
      },
      "version": "23.1"
    }
  ]
}