{
  "@context": [
    "https://w3id.org/ro/crate/1.1/context"
  ],
  "@graph": [
    {
      "@id": "ro-crate-metadata.json",
      "@type": "CreativeWork",
      "about": {
        "@id": "https://training.galaxyproject.org/training-material/topics/evolution/tutorials/mtb_phylogeny/workflows/main_workflow.html"
      },
      "conformsTo": {
        "@id": "https://w3id.org/ro/crate/1.1"
      }
    },
    {
      "@id": "https://training.galaxyproject.org/training-material/topics/evolution/tutorials/mtb_phylogeny/workflows/main_workflow.html",
      "@type": "Dataset",
      "name": "Mtb phylogeny",
      "description": "Estimate a phylogenetic tree from whole genome sequencing data for M. tuberculosis\n\n## Associated Tutorial\n\nThis workflows is part of the tutorial [Tree thinking for tuberculosis evolution and epidemiology](https://training.galaxyproject.org/training-material/topics/evolution/tutorials/mtb_phylogeny/tutorial.html), available in the [GTN](https://training.galaxyproject.org)\n\n\n\n\n\n## Thanks to...\n\n**Tutorial Author(s)**: [Christoph Stritt](https://training.galaxyproject.org/training-material/hall-of-fame/cstritt/), [Daniela Brites](https://training.galaxyproject.org/training-material/hall-of-fame/dbrites/), [Galo A. Goig](https://training.galaxyproject.org/training-material/hall-of-fame/GaloGS/)\n\n**Tutorial Contributor(s)**: [Wolfgang Maier](https://training.galaxyproject.org/training-material/hall-of-fame/wm75/), [Helena Rasche](https://training.galaxyproject.org/training-material/hall-of-fame/hexylena/), [Peter van Heusden](https://training.galaxyproject.org/training-material/hall-of-fame/pvanheus/), [Christoph Stritt](https://training.galaxyproject.org/training-material/hall-of-fame/cstritt/), [Saskia Hiltemann](https://training.galaxyproject.org/training-material/hall-of-fame/shiltemann/), [Bérénice Batut](https://training.galaxyproject.org/training-material/hall-of-fame/bebatut/), [Björn Grüning](https://training.galaxyproject.org/training-material/hall-of-fame/bgruening/)\n\n[![gtn star logo followed by the word workflows](https://training.galaxyproject.org/training-material/assets/branding/gtn-workflows.png)](https://training.galaxyproject.org/training-material/)",
      "version": "1.0",
      "license": "https://spdx.org/licenses/CC-BY-4.0",
      "datePublished": "2025-01-24T00:06:30.042+00:00",
      "mainEntity": {
        "@id": "main-workflow.ga"
      },
      "hasPart": [
        {
          "@id": "main-workflow.ga"
        },
        {
          "@id": "graph.png"
        }
      ]
    },
    {
      "@id": "main-workflow.ga",
      "@type": [
        "File",
        "SoftwareSourceCode",
        "ComputationalWorkflow"
      ],
      "author": [

      ],
      "name": "Mtb phylogeny",
      "programmingLanguage": {
        "@id": "https://w3id.org/workflowhub/workflow-ro-crate#galaxy"
      },
      "image": {
        "@id": "graph.png"
      }
    },
    {
      "@id": "graph.png",
      "@type": [
        "File",
        "ImageObject",
        "WorkflowSketch"
      ],
      "contentSize": 19941
    },
    {
      "@id": "https://w3id.org/workflowhub/workflow-ro-crate#galaxy",
      "@type": "ComputerLanguage",
      "identifier": {
        "@id": "https://galaxyproject.org/"
      },
      "name": "Galaxy",
      "url": {
        "@id": "https://galaxyproject.org/"
      },
      "version": "23.1"
    }
  ]
}