{
  "@context": [
    "https://w3id.org/ro/crate/1.1/context"
  ],
  "@graph": [
    {
      "@id": "ro-crate-metadata.json",
      "@type": "CreativeWork",
      "about": {
        "@id": "https://training.galaxyproject.org/training-material/topics/introduction/tutorials/data-manipulation-olympics/workflows/data_manipulation_olympics_with_exercises.html"
      },
      "conformsTo": {
        "@id": "https://w3id.org/ro/crate/1.1"
      }
    },
    {
      "@id": "https://training.galaxyproject.org/training-material/topics/introduction/tutorials/data-manipulation-olympics/workflows/data_manipulation_olympics_with_exercises.html",
      "@type": "Dataset",
      "name": "GTN Tutorial: Data manipulation Olympics - all steps and exercises",
      "description": "Data Manipulation Olympics\n\n## Associated Tutorial\n\nThis workflows is part of the tutorial [Data Manipulation Olympics](https://training.galaxyproject.org/training-material/topics/introduction/tutorials/data-manipulation-olympics/tutorial.html), available in the [GTN](https://training.galaxyproject.org)\n\n\n\n\n\n## Thanks to...\n\n**Tutorial Author(s)**: [Saskia Hiltemann](https://training.galaxyproject.org/training-material/hall-of-fame/shiltemann/), [Yongbin Li](https://training.galaxyproject.org/training-material/hall-of-fame/lybCNU/)\n\n**Tutorial Contributor(s)**: [Helena Rasche](https://training.galaxyproject.org/training-material/hall-of-fame/hexylena/), [Saskia Hiltemann](https://training.galaxyproject.org/training-material/hall-of-fame/shiltemann/), [Yongbin Li](https://training.galaxyproject.org/training-material/hall-of-fame/lybCNU/), [Donny Vrins](https://training.galaxyproject.org/training-material/hall-of-fame/dirowa/)\n\n**Grants(s)**: [Gallantries: Bridging Training Communities in Life Science, Environment and Health](https://training.galaxyproject.org/training-material/hall-of-fame/gallantries/)\n\n[![gtn star logo followed by the word workflows](https://training.galaxyproject.org/training-material/assets/branding/gtn-workflows.png)](https://training.galaxyproject.org/training-material/)",
      "version": "1.0",
      "license": "https://spdx.org/licenses/CC-BY-4.0",
      "datePublished": "2025-01-20T00:09:05.503+00:00",
      "mainEntity": {
        "@id": "data-manipulation-olympics-with-exercises.ga"
      },
      "hasPart": [
        {
          "@id": "data-manipulation-olympics-with-exercises.ga"
        },
        {
          "@id": "graph.png"
        }
      ]
    },
    {
      "@id": "data-manipulation-olympics-with-exercises.ga",
      "@type": [
        "File",
        "SoftwareSourceCode",
        "ComputationalWorkflow"
      ],
      "author": [

      ],
      "name": "GTN Tutorial: Data manipulation Olympics - all steps and exercises",
      "programmingLanguage": {
        "@id": "https://w3id.org/workflowhub/workflow-ro-crate#galaxy"
      },
      "image": {
        "@id": "graph.png"
      }
    },
    {
      "@id": "graph.png",
      "@type": [
        "File",
        "ImageObject",
        "WorkflowSketch"
      ],
      "contentSize": 284038
    },
    {
      "@id": "https://w3id.org/workflowhub/workflow-ro-crate#galaxy",
      "@type": "ComputerLanguage",
      "identifier": {
        "@id": "https://galaxyproject.org/"
      },
      "name": "Galaxy",
      "url": {
        "@id": "https://galaxyproject.org/"
      },
      "version": "23.1"
    }
  ]
}