{
  "@context": [
    "https://w3id.org/ro/crate/1.1/context"
  ],
  "@graph": [
    {
      "@id": "ro-crate-metadata.json",
      "@type": "CreativeWork",
      "about": {
        "@id": "https://training.galaxyproject.org/training-material/topics/assembly/tutorials/mitochondrion-assembly/workflows/main_workflow.html"
      },
      "conformsTo": {
        "@id": "https://w3id.org/ro/crate/1.1"
      }
    },
    {
      "@id": "https://training.galaxyproject.org/training-material/topics/assembly/tutorials/mitochondrion-assembly/workflows/main_workflow.html",
      "@type": "Dataset",
      "name": "Mitogenome-Assembly-VGP0",
      "description": "## Associated Tutorial\n\nThis workflows is part of the tutorial [Assembly of the mitochondrial genome from PacBio HiFi reads](https://training.galaxyproject.org/training-material/topics/assembly/tutorials/mitochondrion-assembly/tutorial.html), available in the [GTN](https://training.galaxyproject.org)\n\n## Features\n\n* Includes [Galaxy Workflow Tests](https://training.galaxyproject.org/training-material/faqs/gtn/workflow_run_test.html)\n\n## Thanks to...\n\n**Workflow Author(s)**: VGP, Galaxy\n\n**Tutorial Author(s)**: [Delphine Lariviere](https://training.galaxyproject.org/training-material/hall-of-fame/delphine-l/)\n\n[![gtn star logo followed by the word workflows](https://training.galaxyproject.org/training-material/assets/branding/gtn-workflows.png)](https://training.galaxyproject.org/training-material/)",
      "version": "1.0",
      "license": "https://spdx.org/licenses/CC-BY-4.0",
      "datePublished": "2024-12-18T12:58:08.919+00:00",
      "mainEntity": {
        "@id": "main-workflow.ga"
      },
      "hasPart": [
        {
          "@id": "main-workflow.ga"
        },
        {
          "@id": "graph.png"
        }
      ]
    },
    {
      "@id": "main-workflow.ga",
      "@type": [
        "File",
        "SoftwareSourceCode",
        "ComputationalWorkflow"
      ],
      "author": [
        {
          "@id": "#2bd92e95-e515-4338-b838-60ba89255216"
        },
        {
          "@id": "#c38f7f76-f804-46b4-b4de-7da924cb8e09"
        }
      ],
      "name": "Mitogenome-Assembly-VGP0",
      "programmingLanguage": {
        "@id": "https://w3id.org/workflowhub/workflow-ro-crate#galaxy"
      },
      "image": {
        "@id": "graph.png"
      }
    },
    {
      "@id": "graph.png",
      "@type": [
        "File",
        "ImageObject",
        "WorkflowSketch"
      ],
      "contentSize": 64951
    },
    {
      "@id": "https://w3id.org/workflowhub/workflow-ro-crate#galaxy",
      "@type": "ComputerLanguage",
      "identifier": {
        "@id": "https://galaxyproject.org/"
      },
      "name": "Galaxy",
      "url": {
        "@id": "https://galaxyproject.org/"
      },
      "version": "23.1"
    },
    {
      "@id": "#2bd92e95-e515-4338-b838-60ba89255216",
      "@type": "Organization",
      "name": "VGP"
    },
    {
      "@id": "#c38f7f76-f804-46b4-b4de-7da924cb8e09",
      "@type": "Organization",
      "name": "Galaxy"
    }
  ]
}