{
  "@context": [
    "https://w3id.org/ro/crate/1.1/context"
  ],
  "@graph": [
    {
      "@id": "ro-crate-metadata.json",
      "@type": "CreativeWork",
      "about": {
        "@id": "https://training.galaxyproject.org/training-material/topics/computational-chemistry/tutorials/zauberkugel/workflows/main_workflow.html"
      },
      "conformsTo": {
        "@id": "https://w3id.org/ro/crate/1.1"
      }
    },
    {
      "@id": "https://training.galaxyproject.org/training-material/topics/computational-chemistry/tutorials/zauberkugel/workflows/main_workflow.html",
      "@type": "Dataset",
      "name": "Zauberkugel",
      "description": "Protein target prediction of a bioactive ligand with Align-it and ePharmaLib\n\n## Associated Tutorial\n\nThis workflows is part of the tutorial [Protein target prediction of a bioactive ligand with Align-it and ePharmaLib](https://training.galaxyproject.org/training-material/topics/computational-chemistry/tutorials/zauberkugel/tutorial.html), available in the [GTN](https://training.galaxyproject.org)\n\n\n\n\n\n## Thanks to...\n\n**Workflow Author(s)**: Aurélien F. A. Moumbock, Albert-Ludwigs-Universität Freiburg\n\n**Tutorial Author(s)**: [Aurélien F. A. Moumbock](https://training.galaxyproject.org/training-material/hall-of-fame/aurelienmoumbock/), [Simon Bray](https://training.galaxyproject.org/training-material/hall-of-fame/simonbray/)\n\n[![gtn star logo followed by the word workflows](https://training.galaxyproject.org/training-material/assets/branding/gtn-workflows.png)](https://training.galaxyproject.org/training-material/)",
      "version": "1.0",
      "license": "https://spdx.org/licenses/MIT",
      "datePublished": "2024-12-20T12:11:02.228+00:00",
      "mainEntity": {
        "@id": "main-workflow.ga"
      },
      "hasPart": [
        {
          "@id": "main-workflow.ga"
        },
        {
          "@id": "graph.png"
        }
      ]
    },
    {
      "@id": "main-workflow.ga",
      "@type": [
        "File",
        "SoftwareSourceCode",
        "ComputationalWorkflow"
      ],
      "author": [
        {
          "@id": "https://orcid.org/0000-0002-6034-2016"
        },
        {
          "@id": "#3824db21-f6e3-46de-9179-443a678025db"
        }
      ],
      "name": "Zauberkugel",
      "programmingLanguage": {
        "@id": "https://w3id.org/workflowhub/workflow-ro-crate#galaxy"
      },
      "image": {
        "@id": "graph.png"
      }
    },
    {
      "@id": "graph.png",
      "@type": [
        "File",
        "ImageObject",
        "WorkflowSketch"
      ],
      "contentSize": 60420
    },
    {
      "@id": "https://w3id.org/workflowhub/workflow-ro-crate#galaxy",
      "@type": "ComputerLanguage",
      "identifier": {
        "@id": "https://galaxyproject.org/"
      },
      "name": "Galaxy",
      "url": {
        "@id": "https://galaxyproject.org/"
      },
      "version": "23.1"
    },
    {
      "@id": "https://orcid.org/0000-0002-6034-2016",
      "@type": "Person",
      "name": "Aurélien F. A. Moumbock"
    },
    {
      "@id": "#3824db21-f6e3-46de-9179-443a678025db",
      "@type": "Organization",
      "name": "Albert-Ludwigs-Universität Freiburg"
    }
  ]
}