{
  "@context": [
    "https://w3id.org/ro/crate/1.1/context"
  ],
  "@graph": [
    {
      "@id": "ro-crate-metadata.json",
      "@type": "CreativeWork",
      "about": {
        "@id": "https://training.galaxyproject.org/training-material/topics/ecology/tutorials/remote-sensing/workflows/Sentinel-2-example.html"
      },
      "conformsTo": {
        "@id": "https://w3id.org/ro/crate/1.1"
      }
    },
    {
      "@id": "https://training.galaxyproject.org/training-material/topics/ecology/tutorials/remote-sensing/workflows/Sentinel-2-example.html",
      "@type": "Dataset",
      "name": "Sentinel 2 example",
      "description": "## Associated Tutorial\n\nThis workflows is part of the tutorial [Sentinel 2 biodiversity](https://training.galaxyproject.org/training-material/topics/ecology/tutorials/remote-sensing/tutorial.html), available in the [GTN](https://training.galaxyproject.org)\n\n## Features\n\n* Includes [Galaxy Workflow Tests](https://training.galaxyproject.org/training-material/faqs/gtn/workflow_run_test.html)\n\n## Thanks to...\n\n**Workflow Author(s)**: Marie Josse\n\n**Tutorial Author(s)**: [Marie Josse](https://training.galaxyproject.org/training-material/hall-of-fame/Marie59/), [Yvan Le Bras](https://training.galaxyproject.org/training-material/hall-of-fame/yvanlebras/)\n\n**Tutorial Contributor(s)**: [Helena Rasche](https://training.galaxyproject.org/training-material/hall-of-fame/hexylena/), [Saskia Hiltemann](https://training.galaxyproject.org/training-material/hall-of-fame/shiltemann/), [Wendi Bacon](https://training.galaxyproject.org/training-material/hall-of-fame/nomadscientist/), [Yvan Le Bras](https://training.galaxyproject.org/training-material/hall-of-fame/yvanlebras/)\n\n**Funder(s)**: [Pôle National de Données de Biodiversité](https://training.galaxyproject.org/training-material/hall-of-fame/pndb/)\n\n[![gtn star logo followed by the word workflows](https://training.galaxyproject.org/training-material/assets/branding/gtn-workflows.png)](https://training.galaxyproject.org/training-material/)",
      "version": "1.0",
      "license": "https://spdx.org/licenses/CC-BY-4.0",
      "datePublished": "2025-01-25T00:06:29.099+00:00",
      "mainEntity": {
        "@id": "sentinel-2-example.ga"
      },
      "hasPart": [
        {
          "@id": "sentinel-2-example.ga"
        },
        {
          "@id": "graph.png"
        }
      ]
    },
    {
      "@id": "sentinel-2-example.ga",
      "@type": [
        "File",
        "SoftwareSourceCode",
        "ComputationalWorkflow"
      ],
      "author": [
        {
          "@id": "https://orcid.org/Marie59"
        }
      ],
      "name": "Sentinel 2 example",
      "programmingLanguage": {
        "@id": "https://w3id.org/workflowhub/workflow-ro-crate#galaxy"
      },
      "image": {
        "@id": "graph.png"
      }
    },
    {
      "@id": "graph.png",
      "@type": [
        "File",
        "ImageObject",
        "WorkflowSketch"
      ],
      "contentSize": 33041
    },
    {
      "@id": "https://w3id.org/workflowhub/workflow-ro-crate#galaxy",
      "@type": "ComputerLanguage",
      "identifier": {
        "@id": "https://galaxyproject.org/"
      },
      "name": "Galaxy",
      "url": {
        "@id": "https://galaxyproject.org/"
      },
      "version": "23.1"
    },
    {
      "@id": "https://orcid.org/Marie59",
      "@type": "Person",
      "name": "Marie Josse"
    }
  ]
}