{
  "@context": [
    "https://w3id.org/ro/crate/1.1/context"
  ],
  "@graph": [
    {
      "@id": "ro-crate-metadata.json",
      "@type": "CreativeWork",
      "about": {
        "@id": "https://training.galaxyproject.org/training-material/topics/introduction/tutorials/galaxy-intro-101/workflows/galaxy-intro-101-workflow.html"
      },
      "conformsTo": {
        "@id": "https://w3id.org/ro/crate/1.1"
      }
    },
    {
      "@id": "https://training.galaxyproject.org/training-material/topics/introduction/tutorials/galaxy-intro-101/workflows/galaxy-intro-101-workflow.html",
      "@type": "Dataset",
      "name": "Find exons with the highest number of features",
      "description": "Galaxy 101\n\n## Associated Tutorial\n\nThis workflows is part of the tutorial [Galaxy Basics for genomics](https://training.galaxyproject.org/training-material/topics/introduction/tutorials/galaxy-intro-101/tutorial.html), available in the [GTN](https://training.galaxyproject.org)\n\n## Features\n\n* Includes [Galaxy Workflow Tests](https://training.galaxyproject.org/training-material/faqs/gtn/workflow_run_test.html)\n\n## Thanks to...\n\n**Workflow Author(s)**: Anton Nekrutenko, Helena Rasche\n\n**Tutorial Author(s)**: [Saskia Hiltemann](https://training.galaxyproject.org/training-material/hall-of-fame/shiltemann/), [Nicola Soranzo](https://training.galaxyproject.org/training-material/hall-of-fame/nsoranzo/), [Clemens Blank](https://training.galaxyproject.org/training-material/hall-of-fame/blankclemens/), [Anton Nekrutenko](https://training.galaxyproject.org/training-material/hall-of-fame/nekrut/), [Björn Grüning](https://training.galaxyproject.org/training-material/hall-of-fame/bgruening/), [Anne Pajon](https://training.galaxyproject.org/training-material/hall-of-fame/pajanne/), [Helena Rasche](https://training.galaxyproject.org/training-material/hall-of-fame/hexylena/)\n\n**Tutorial Contributor(s)**: [Helena Rasche](https://training.galaxyproject.org/training-material/hall-of-fame/hexylena/), [Teresa Müller](https://training.galaxyproject.org/training-material/hall-of-fame/teresa-m/), [Björn Grüning](https://training.galaxyproject.org/training-material/hall-of-fame/bgruening/), [Saskia Hiltemann](https://training.galaxyproject.org/training-material/hall-of-fame/shiltemann/), [Matthias Bernt](https://training.galaxyproject.org/training-material/hall-of-fame/bernt-matthias/), [Anton Nekrutenko](https://training.galaxyproject.org/training-material/hall-of-fame/nekrut/), [Nicola Soranzo](https://training.galaxyproject.org/training-material/hall-of-fame/nsoranzo/), [Bérénice Batut](https://training.galaxyproject.org/training-material/hall-of-fame/bebatut/), [Gildas Le Corguillé](https://training.galaxyproject.org/training-material/hall-of-fame/lecorguille/), [Cristóbal Gallardo](https://training.galaxyproject.org/training-material/hall-of-fame/gallardoalba/), [Nate Coraor](https://training.galaxyproject.org/training-material/hall-of-fame/natefoo/), [David López](https://training.galaxyproject.org/training-material/hall-of-fame/davelopez/), [Wolfgang Maier](https://training.galaxyproject.org/training-material/hall-of-fame/wm75/), [Dave Clements](https://training.galaxyproject.org/training-material/hall-of-fame/tnabtaf/), [William Durand](https://training.galaxyproject.org/training-material/hall-of-fame/willdurand/), [Niall Beard](https://training.galaxyproject.org/training-material/hall-of-fame/njall/), [Maria Doyle](https://training.galaxyproject.org/training-material/hall-of-fame/mblue9/)\n\n**Funder(s)**: [The Pennsylvania State University](https://training.galaxyproject.org/training-material/hall-of-fame/psu/), [Erasmus Medical Center](https://training.galaxyproject.org/training-material/hall-of-fame/erasmusmc/), [ELIXIR Europe](https://training.galaxyproject.org/training-material/hall-of-fame/elixir-europe/), [University of Freiburg](https://training.galaxyproject.org/training-material/hall-of-fame/uni-freiburg/), [de.NBI](https://training.galaxyproject.org/training-material/hall-of-fame/deNBI/)\n\n[![gtn star logo followed by the word workflows](https://training.galaxyproject.org/training-material/assets/branding/gtn-workflows.png)](https://training.galaxyproject.org/training-material/)",
      "version": "5.0",
      "license": "https://spdx.org/licenses/CC-BY-4.0",
      "datePublished": "2024-12-18T11:48:14.474+00:00",
      "mainEntity": {
        "@id": "galaxy-intro-101-workflow.ga"
      },
      "hasPart": [
        {
          "@id": "galaxy-intro-101-workflow.ga"
        },
        {
          "@id": "graph.png"
        }
      ]
    },
    {
      "@id": "galaxy-intro-101-workflow.ga",
      "@type": [
        "File",
        "SoftwareSourceCode",
        "ComputationalWorkflow"
      ],
      "author": [
        {
          "@id": "https://orcid.org/0000-0002-5987-8032"
        },
        {
          "@id": "https://orcid.org/0000-0001-9760-8992"
        }
      ],
      "name": "Find exons with the highest number of features",
      "programmingLanguage": {
        "@id": "https://w3id.org/workflowhub/workflow-ro-crate#galaxy"
      },
      "image": {
        "@id": "graph.png"
      }
    },
    {
      "@id": "graph.png",
      "@type": [
        "File",
        "ImageObject",
        "WorkflowSketch"
      ],
      "contentSize": 41156
    },
    {
      "@id": "https://w3id.org/workflowhub/workflow-ro-crate#galaxy",
      "@type": "ComputerLanguage",
      "identifier": {
        "@id": "https://galaxyproject.org/"
      },
      "name": "Galaxy",
      "url": {
        "@id": "https://galaxyproject.org/"
      },
      "version": "23.1"
    },
    {
      "@id": "https://orcid.org/0000-0002-5987-8032",
      "@type": "Person",
      "name": "Anton Nekrutenko"
    },
    {
      "@id": "https://orcid.org/0000-0001-9760-8992",
      "@type": "Person",
      "name": "Helena Rasche"
    }
  ]
}