{
  "@context": [
    "https://w3id.org/ro/crate/1.1/context"
  ],
  "@graph": [
    {
      "@id": "ro-crate-metadata.json",
      "@type": "CreativeWork",
      "about": {
        "@id": "https://training.galaxyproject.org/training-material/topics/ecology/tutorials/regionalGAM/workflows/Galaxy-Workflow-Phenology__stacked__visualization_creation.html"
      },
      "conformsTo": {
        "@id": "https://w3id.org/ro/crate/1.1"
      }
    },
    {
      "@id": "https://training.galaxyproject.org/training-material/topics/ecology/tutorials/regionalGAM/workflows/Galaxy-Workflow-Phenology__stacked__visualization_creation.html",
      "@type": "Dataset",
      "name": "Phenology \"stacked\" Visualization Creation",
      "description": "Regional GAM\n\n## Associated Tutorial\n\nThis workflows is part of the tutorial [Regional GAM](https://training.galaxyproject.org/training-material/topics/ecology/tutorials/regionalGAM/tutorial.html), available in the [GTN](https://training.galaxyproject.org)\n\n\n\n\n\n## Thanks to...\n\n**Tutorial Author(s)**: [Clara Urfer](https://training.galaxyproject.org/training-material/hall-of-fame/claraurf/), [Elisa Michon](https://training.galaxyproject.org/training-material/hall-of-fame/emichn/), [Yvan Le Bras](https://training.galaxyproject.org/training-material/hall-of-fame/yvanlebras/), [Bérénice Batut](https://training.galaxyproject.org/training-material/hall-of-fame/bebatut/), [Simon Benateau](https://training.galaxyproject.org/training-material/hall-of-fame/sbenateau/)\n\n[![gtn star logo followed by the word workflows](https://training.galaxyproject.org/training-material/assets/branding/gtn-workflows.png)](https://training.galaxyproject.org/training-material/)",
      "version": "4.0",
      "license": "https://spdx.org/licenses/CC-BY-4.0",
      "datePublished": "2025-01-14T13:51:20.648+00:00",
      "mainEntity": {
        "@id": "galaxy-workflow-phenology--stacked--visualization-creation.ga"
      },
      "hasPart": [
        {
          "@id": "galaxy-workflow-phenology--stacked--visualization-creation.ga"
        },
        {
          "@id": "graph.png"
        }
      ]
    },
    {
      "@id": "galaxy-workflow-phenology--stacked--visualization-creation.ga",
      "@type": [
        "File",
        "SoftwareSourceCode",
        "ComputationalWorkflow"
      ],
      "author": [

      ],
      "name": "Phenology \"stacked\" Visualization Creation",
      "programmingLanguage": {
        "@id": "https://w3id.org/workflowhub/workflow-ro-crate#galaxy"
      },
      "image": {
        "@id": "graph.png"
      }
    },
    {
      "@id": "graph.png",
      "@type": [
        "File",
        "ImageObject",
        "WorkflowSketch"
      ],
      "contentSize": 15927
    },
    {
      "@id": "https://w3id.org/workflowhub/workflow-ro-crate#galaxy",
      "@type": "ComputerLanguage",
      "identifier": {
        "@id": "https://galaxyproject.org/"
      },
      "name": "Galaxy",
      "url": {
        "@id": "https://galaxyproject.org/"
      },
      "version": "23.1"
    }
  ]
}