{
  "@context": [
    "https://w3id.org/ro/crate/1.1/context"
  ],
  "@graph": [
    {
      "@id": "ro-crate-metadata.json",
      "@type": "CreativeWork",
      "about": {
        "@id": "https://training.galaxyproject.org/training-material/topics/ecology/tutorials/gbif_cleaning/workflows/Galaxy-Workflow-GBIF_data_Quality_check_and_filtering_workflow.html"
      },
      "conformsTo": {
        "@id": "https://w3id.org/ro/crate/1.1"
      }
    },
    {
      "@id": "https://training.galaxyproject.org/training-material/topics/ecology/tutorials/gbif_cleaning/workflows/Galaxy-Workflow-GBIF_data_Quality_check_and_filtering_workflow.html",
      "@type": "Dataset",
      "name": "GBIF data Quality check and filtering workflow Feb-2020",
      "description": "Cleaning GBIF data for the use in Ecology\n\n## Associated Tutorial\n\nThis workflows is part of the tutorial [Cleaning GBIF data for the use in Ecology](https://training.galaxyproject.org/training-material/topics/ecology/tutorials/gbif_cleaning/tutorial.html), available in the [GTN](https://training.galaxyproject.org)\n\n\n\n\n\n## Thanks to...\n\n**Tutorial Author(s)**: [Yvan Le Bras](https://training.galaxyproject.org/training-material/hall-of-fame/yvanlebras/), [Simon Benateau](https://training.galaxyproject.org/training-material/hall-of-fame/sbenateau/)\n\n**Tutorial Contributor(s)**: [Helena Rasche](https://training.galaxyproject.org/training-material/hall-of-fame/hexylena/), [Saskia Hiltemann](https://training.galaxyproject.org/training-material/hall-of-fame/shiltemann/), [Yvan Le Bras](https://training.galaxyproject.org/training-material/hall-of-fame/yvanlebras/)\n\n**Funder(s)**: [Pôle National de Données de Biodiversité](https://training.galaxyproject.org/training-material/hall-of-fame/pndb/)\n\n[![gtn star logo followed by the word workflows](https://training.galaxyproject.org/training-material/assets/branding/gtn-workflows.png)](https://training.galaxyproject.org/training-material/)",
      "version": "1.0",
      "license": "https://spdx.org/licenses/CC-BY-4.0",
      "datePublished": "2025-01-21T09:36:25.097+00:00",
      "mainEntity": {
        "@id": "galaxy-workflow-gbif-data-quality-check-and-filtering-workflow.ga"
      },
      "hasPart": [
        {
          "@id": "galaxy-workflow-gbif-data-quality-check-and-filtering-workflow.ga"
        },
        {
          "@id": "graph.png"
        }
      ]
    },
    {
      "@id": "galaxy-workflow-gbif-data-quality-check-and-filtering-workflow.ga",
      "@type": [
        "File",
        "SoftwareSourceCode",
        "ComputationalWorkflow"
      ],
      "author": [

      ],
      "name": "GBIF data Quality check and filtering workflow Feb-2020",
      "programmingLanguage": {
        "@id": "https://w3id.org/workflowhub/workflow-ro-crate#galaxy"
      },
      "image": {
        "@id": "graph.png"
      }
    },
    {
      "@id": "graph.png",
      "@type": [
        "File",
        "ImageObject",
        "WorkflowSketch"
      ],
      "contentSize": 47169
    },
    {
      "@id": "https://w3id.org/workflowhub/workflow-ro-crate#galaxy",
      "@type": "ComputerLanguage",
      "identifier": {
        "@id": "https://galaxyproject.org/"
      },
      "name": "Galaxy",
      "url": {
        "@id": "https://galaxyproject.org/"
      },
      "version": "23.1"
    }
  ]
}