{
  "@context": [
    "https://w3id.org/ro/crate/1.1/context"
  ],
  "@graph": [
    {
      "@id": "ro-crate-metadata.json",
      "@type": "CreativeWork",
      "about": {
        "@id": "https://training.galaxyproject.org/training-material/topics/assembly/tutorials/assembly-quality-control/workflows/main_workflow.html"
      },
      "conformsTo": {
        "@id": "https://w3id.org/ro/crate/1.1"
      }
    },
    {
      "@id": "https://training.galaxyproject.org/training-material/topics/assembly/tutorials/assembly-quality-control/workflows/main_workflow.html",
      "@type": "Dataset",
      "name": "Genome Assembly Quality Control",
      "description": "Genome assembly quality control using PacBio data and with reference genome\n\n## Associated Tutorial\n\nThis workflows is part of the tutorial [Genome Assembly Quality Control](https://training.galaxyproject.org/training-material/topics/assembly/tutorials/assembly-quality-control/tutorial.html), available in the [GTN](https://training.galaxyproject.org)\n\n\n\n\n\n## Thanks to...\n\n**Workflow Author(s)**: Erwan Corre, Stéphanie Robin, Anthony Bretaudeau, Alexandre Cormier, Laura Leroi\n\n**Tutorial Author(s)**: [Anthony Bretaudeau](https://training.galaxyproject.org/training-material/hall-of-fame/abretaud/), [Alexandre Cormier](https://training.galaxyproject.org/training-material/hall-of-fame/alexcorm/), [Erwan Corre](https://training.galaxyproject.org/training-material/hall-of-fame/r1corre/), [Laura Leroi](https://training.galaxyproject.org/training-material/hall-of-fame/lleroi/), [Stéphanie Robin](https://training.galaxyproject.org/training-material/hall-of-fame/stephanierobin/)\n\n**Tutorial Contributor(s)**: [Cristóbal Gallardo](https://training.galaxyproject.org/training-material/hall-of-fame/gallardoalba/), [Alexandre Cormier](https://training.galaxyproject.org/training-material/hall-of-fame/alexcorm/), [Anthony Bretaudeau](https://training.galaxyproject.org/training-material/hall-of-fame/abretaud/), [Saskia Hiltemann](https://training.galaxyproject.org/training-material/hall-of-fame/shiltemann/), [Helena Rasche](https://training.galaxyproject.org/training-material/hall-of-fame/hexylena/)\n\n[![gtn star logo followed by the word workflows](https://training.galaxyproject.org/training-material/assets/branding/gtn-workflows.png)](https://training.galaxyproject.org/training-material/)",
      "version": "1.0",
      "license": "https://spdx.org/licenses/GPL-3.0-or-later",
      "datePublished": "2024-12-11T00:06:50.107+00:00",
      "mainEntity": {
        "@id": "main-workflow.ga"
      },
      "hasPart": [
        {
          "@id": "main-workflow.ga"
        },
        {
          "@id": "graph.png"
        }
      ]
    },
    {
      "@id": "main-workflow.ga",
      "@type": [
        "File",
        "SoftwareSourceCode",
        "ComputationalWorkflow"
      ],
      "author": [
        {
          "@id": "#8da84da3-d3b8-478a-a6d7-19edd2fa34c5"
        },
        {
          "@id": "#f3478041-b8ec-4bf3-807b-5a906ec1dde8"
        },
        {
          "@id": "#f94b17cc-f3ca-4fc5-9ea9-4116696c3bd5"
        },
        {
          "@id": "#16129cf3-24cb-4918-8c48-ea3d1203134f"
        },
        {
          "@id": "#db053302-e151-4942-a3fd-1ac5a52f9ea8"
        }
      ],
      "name": "Genome Assembly Quality Control",
      "programmingLanguage": {
        "@id": "https://w3id.org/workflowhub/workflow-ro-crate#galaxy"
      },
      "image": {
        "@id": "graph.png"
      }
    },
    {
      "@id": "graph.png",
      "@type": [
        "File",
        "ImageObject",
        "WorkflowSketch"
      ],
      "contentSize": 71929
    },
    {
      "@id": "https://w3id.org/workflowhub/workflow-ro-crate#galaxy",
      "@type": "ComputerLanguage",
      "identifier": {
        "@id": "https://galaxyproject.org/"
      },
      "name": "Galaxy",
      "url": {
        "@id": "https://galaxyproject.org/"
      },
      "version": "23.1"
    },
    {
      "@id": "#8da84da3-d3b8-478a-a6d7-19edd2fa34c5",
      "@type": "Person",
      "name": "Erwan Corre"
    },
    {
      "@id": "#f3478041-b8ec-4bf3-807b-5a906ec1dde8",
      "@type": "Person",
      "name": "Stéphanie Robin"
    },
    {
      "@id": "#f94b17cc-f3ca-4fc5-9ea9-4116696c3bd5",
      "@type": "Person",
      "name": "Anthony Bretaudeau"
    },
    {
      "@id": "#16129cf3-24cb-4918-8c48-ea3d1203134f",
      "@type": "Person",
      "name": "Alexandre Cormier"
    },
    {
      "@id": "#db053302-e151-4942-a3fd-1ac5a52f9ea8",
      "@type": "Person",
      "name": "Laura Leroi"
    }
  ]
}