{
  "@context": [
    "https://w3id.org/ro/crate/1.1/context"
  ],
  "@graph": [
    {
      "@id": "ro-crate-metadata.json",
      "@type": "CreativeWork",
      "about": {
        "@id": "https://training.galaxyproject.org/training-material/topics/assembly/tutorials/assembly-quality-control/workflows/main_workflow.html"
      },
      "conformsTo": {
        "@id": "https://w3id.org/ro/crate/1.1"
      }
    },
    {
      "@id": "https://training.galaxyproject.org/training-material/topics/assembly/tutorials/assembly-quality-control/workflows/main_workflow.html",
      "@type": "Dataset",
      "name": "Genome Assembly Quality Control",
      "description": "Genome assembly quality control using PacBio data and with reference genome\n\n## Associated Tutorial\n\nThis workflows is part of the tutorial [Genome Assembly Quality Control](https://training.galaxyproject.org/training-material/topics/assembly/tutorials/assembly-quality-control/tutorial.html), available in the [GTN](https://training.galaxyproject.org)\n\n\n\n\n\n## Thanks to...\n\n**Workflow Author(s)**: Erwan Corre, Stéphanie Robin, Anthony Bretaudeau, Alexandre Cormier, Laura Leroi\n\n**Tutorial Author(s)**: [Anthony Bretaudeau](https://training.galaxyproject.org/training-material/hall-of-fame/abretaud/), [Alexandre Cormier](https://training.galaxyproject.org/training-material/hall-of-fame/alexcorm/), [Erwan Corre](https://training.galaxyproject.org/training-material/hall-of-fame/r1corre/), [Laura Leroi](https://training.galaxyproject.org/training-material/hall-of-fame/lleroi/), [Stéphanie Robin](https://training.galaxyproject.org/training-material/hall-of-fame/stephanierobin/)\n\n[![gtn star logo followed by the word workflows](https://training.galaxyproject.org/training-material/assets/branding/gtn-workflows.png)](https://training.galaxyproject.org/training-material/)",
      "version": "1.0",
      "license": "https://spdx.org/licenses/GPL-3.0-or-later",
      "datePublished": "2025-01-21T21:33:48.927+00:00",
      "mainEntity": {
        "@id": "main-workflow.ga"
      },
      "hasPart": [
        {
          "@id": "main-workflow.ga"
        },
        {
          "@id": "graph.png"
        }
      ]
    },
    {
      "@id": "main-workflow.ga",
      "@type": [
        "File",
        "SoftwareSourceCode",
        "ComputationalWorkflow"
      ],
      "author": [
        {
          "@id": "#a5c6e509-4f08-4937-b7cd-e3da34d7e602"
        },
        {
          "@id": "#150c2363-108c-43f8-a3b7-87d694784303"
        },
        {
          "@id": "#792e9d40-4a3b-4805-b453-2a366c8bf936"
        },
        {
          "@id": "#033c6c58-e55a-4dbc-9387-6e5d88050cfe"
        },
        {
          "@id": "#b263bb7e-517d-4a48-8555-015002b6a643"
        }
      ],
      "name": "Genome Assembly Quality Control",
      "programmingLanguage": {
        "@id": "https://w3id.org/workflowhub/workflow-ro-crate#galaxy"
      },
      "image": {
        "@id": "graph.png"
      }
    },
    {
      "@id": "graph.png",
      "@type": [
        "File",
        "ImageObject",
        "WorkflowSketch"
      ],
      "contentSize": 71929
    },
    {
      "@id": "https://w3id.org/workflowhub/workflow-ro-crate#galaxy",
      "@type": "ComputerLanguage",
      "identifier": {
        "@id": "https://galaxyproject.org/"
      },
      "name": "Galaxy",
      "url": {
        "@id": "https://galaxyproject.org/"
      },
      "version": "23.1"
    },
    {
      "@id": "#a5c6e509-4f08-4937-b7cd-e3da34d7e602",
      "@type": "Person",
      "name": "Erwan Corre"
    },
    {
      "@id": "#150c2363-108c-43f8-a3b7-87d694784303",
      "@type": "Person",
      "name": "Stéphanie Robin"
    },
    {
      "@id": "#792e9d40-4a3b-4805-b453-2a366c8bf936",
      "@type": "Person",
      "name": "Anthony Bretaudeau"
    },
    {
      "@id": "#033c6c58-e55a-4dbc-9387-6e5d88050cfe",
      "@type": "Person",
      "name": "Alexandre Cormier"
    },
    {
      "@id": "#b263bb7e-517d-4a48-8555-015002b6a643",
      "@type": "Person",
      "name": "Laura Leroi"
    }
  ]
}