{
  "@context": [
    "https://w3id.org/ro/crate/1.1/context"
  ],
  "@graph": [
    {
      "@id": "ro-crate-metadata.json",
      "@type": "CreativeWork",
      "about": {
        "@id": "https://training.galaxyproject.org/training-material/topics/assembly/tutorials/assembly-quality-control/workflows/main_workflow.html"
      },
      "conformsTo": {
        "@id": "https://w3id.org/ro/crate/1.1"
      }
    },
    {
      "@id": "https://training.galaxyproject.org/training-material/topics/assembly/tutorials/assembly-quality-control/workflows/main_workflow.html",
      "@type": "Dataset",
      "name": "Genome Assembly Quality Control",
      "description": "Genome assembly quality control using PacBio data and with reference genome\n\n## Associated Tutorial\n\nThis workflows is part of the tutorial [Genome Assembly Quality Control](https://training.galaxyproject.org/training-material/topics/assembly/tutorials/assembly-quality-control/tutorial.html), available in the [GTN](https://training.galaxyproject.org)\n\n\n\n\n\n## Thanks to...\n\n**Workflow Author(s)**: Erwan Corre, Stéphanie Robin, Anthony Bretaudeau, Alexandre Cormier, Laura Leroi\n\n**Tutorial Author(s)**: [Anthony Bretaudeau](https://training.galaxyproject.org/training-material/hall-of-fame/abretaud/), [Alexandre Cormier](https://training.galaxyproject.org/training-material/hall-of-fame/alexcorm/), [Erwan Corre](https://training.galaxyproject.org/training-material/hall-of-fame/r1corre/), [Laura Leroi](https://training.galaxyproject.org/training-material/hall-of-fame/lleroi/), [Stéphanie Robin](https://training.galaxyproject.org/training-material/hall-of-fame/stephanierobin/)\n\n[![gtn star logo followed by the word workflows](https://training.galaxyproject.org/training-material/assets/branding/gtn-workflows.png)](https://training.galaxyproject.org/training-material/)",
      "version": "1.0",
      "license": "https://spdx.org/licenses/GPL-3.0-or-later",
      "datePublished": "2024-12-13T13:26:15.053+00:00",
      "mainEntity": {
        "@id": "main-workflow.ga"
      },
      "hasPart": [
        {
          "@id": "main-workflow.ga"
        },
        {
          "@id": "graph.png"
        }
      ]
    },
    {
      "@id": "main-workflow.ga",
      "@type": [
        "File",
        "SoftwareSourceCode",
        "ComputationalWorkflow"
      ],
      "author": [
        {
          "@id": "#41848816-4bf9-4c34-8123-ef68bbfc63df"
        },
        {
          "@id": "#db188920-8d79-4e94-8d53-2e3c2ec2f365"
        },
        {
          "@id": "#cb4faa71-96ee-4ca2-8a9e-170fa76e22d6"
        },
        {
          "@id": "#c2fa9de1-c9c9-4e2e-bf65-a6bd9ff02864"
        },
        {
          "@id": "#ef8463ab-3cde-4777-a617-808f006d7e5a"
        }
      ],
      "name": "Genome Assembly Quality Control",
      "programmingLanguage": {
        "@id": "https://w3id.org/workflowhub/workflow-ro-crate#galaxy"
      },
      "image": {
        "@id": "graph.png"
      }
    },
    {
      "@id": "graph.png",
      "@type": [
        "File",
        "ImageObject",
        "WorkflowSketch"
      ],
      "contentSize": 71929
    },
    {
      "@id": "https://w3id.org/workflowhub/workflow-ro-crate#galaxy",
      "@type": "ComputerLanguage",
      "identifier": {
        "@id": "https://galaxyproject.org/"
      },
      "name": "Galaxy",
      "url": {
        "@id": "https://galaxyproject.org/"
      },
      "version": "23.1"
    },
    {
      "@id": "#41848816-4bf9-4c34-8123-ef68bbfc63df",
      "@type": "Person",
      "name": "Erwan Corre"
    },
    {
      "@id": "#db188920-8d79-4e94-8d53-2e3c2ec2f365",
      "@type": "Person",
      "name": "Stéphanie Robin"
    },
    {
      "@id": "#cb4faa71-96ee-4ca2-8a9e-170fa76e22d6",
      "@type": "Person",
      "name": "Anthony Bretaudeau"
    },
    {
      "@id": "#c2fa9de1-c9c9-4e2e-bf65-a6bd9ff02864",
      "@type": "Person",
      "name": "Alexandre Cormier"
    },
    {
      "@id": "#ef8463ab-3cde-4777-a617-808f006d7e5a",
      "@type": "Person",
      "name": "Laura Leroi"
    }
  ]
}