{
  "@context": [
    "https://w3id.org/ro/crate/1.1/context"
  ],
  "@graph": [
    {
      "@id": "ro-crate-metadata.json",
      "@type": "CreativeWork",
      "about": {
        "@id": "https://training.galaxyproject.org/training-material/topics/assembly/tutorials/assembly-quality-control/workflows/main_workflow.html"
      },
      "conformsTo": {
        "@id": "https://w3id.org/ro/crate/1.1"
      }
    },
    {
      "@id": "https://training.galaxyproject.org/training-material/topics/assembly/tutorials/assembly-quality-control/workflows/main_workflow.html",
      "@type": "Dataset",
      "name": "Genome Assembly Quality Control",
      "description": "Genome assembly quality control using PacBio data and with reference genome\n\n## Associated Tutorial\n\nThis workflows is part of the tutorial [Genome Assembly Quality Control](https://training.galaxyproject.org/training-material/topics/assembly/tutorials/assembly-quality-control/tutorial.html), available in the [GTN](https://training.galaxyproject.org)\n\n\n\n\n\n## Thanks to...\n\n**Workflow Author(s)**: Erwan Corre, Stéphanie Robin, Anthony Bretaudeau, Alexandre Cormier, Laura Leroi\n\n**Tutorial Author(s)**: [Anthony Bretaudeau](https://training.galaxyproject.org/training-material/hall-of-fame/abretaud/), [Alexandre Cormier](https://training.galaxyproject.org/training-material/hall-of-fame/alexcorm/), [Erwan Corre](https://training.galaxyproject.org/training-material/hall-of-fame/r1corre/), [Laura Leroi](https://training.galaxyproject.org/training-material/hall-of-fame/lleroi/), [Stéphanie Robin](https://training.galaxyproject.org/training-material/hall-of-fame/stephanierobin/)\n\n[![gtn star logo followed by the word workflows](https://training.galaxyproject.org/training-material/assets/branding/gtn-workflows.png)](https://training.galaxyproject.org/training-material/)",
      "version": "1.0",
      "license": "https://spdx.org/licenses/GPL-3.0-or-later",
      "datePublished": "2025-01-18T00:06:13.807+00:00",
      "mainEntity": {
        "@id": "main-workflow.ga"
      },
      "hasPart": [
        {
          "@id": "main-workflow.ga"
        },
        {
          "@id": "graph.png"
        }
      ]
    },
    {
      "@id": "main-workflow.ga",
      "@type": [
        "File",
        "SoftwareSourceCode",
        "ComputationalWorkflow"
      ],
      "author": [
        {
          "@id": "#5ee907c4-8be9-4a25-8e7d-bef154361467"
        },
        {
          "@id": "#9e2355fb-9734-4557-8102-86f9904b1e2d"
        },
        {
          "@id": "#e0c148dc-4936-4cee-9289-74ebb6e2db5f"
        },
        {
          "@id": "#d89cb44f-e95b-4d1d-9b29-187e882d1510"
        },
        {
          "@id": "#28660840-8fc1-45af-8eb9-21a41cc9bfc0"
        }
      ],
      "name": "Genome Assembly Quality Control",
      "programmingLanguage": {
        "@id": "https://w3id.org/workflowhub/workflow-ro-crate#galaxy"
      },
      "image": {
        "@id": "graph.png"
      }
    },
    {
      "@id": "graph.png",
      "@type": [
        "File",
        "ImageObject",
        "WorkflowSketch"
      ],
      "contentSize": 71929
    },
    {
      "@id": "https://w3id.org/workflowhub/workflow-ro-crate#galaxy",
      "@type": "ComputerLanguage",
      "identifier": {
        "@id": "https://galaxyproject.org/"
      },
      "name": "Galaxy",
      "url": {
        "@id": "https://galaxyproject.org/"
      },
      "version": "23.1"
    },
    {
      "@id": "#5ee907c4-8be9-4a25-8e7d-bef154361467",
      "@type": "Person",
      "name": "Erwan Corre"
    },
    {
      "@id": "#9e2355fb-9734-4557-8102-86f9904b1e2d",
      "@type": "Person",
      "name": "Stéphanie Robin"
    },
    {
      "@id": "#e0c148dc-4936-4cee-9289-74ebb6e2db5f",
      "@type": "Person",
      "name": "Anthony Bretaudeau"
    },
    {
      "@id": "#d89cb44f-e95b-4d1d-9b29-187e882d1510",
      "@type": "Person",
      "name": "Alexandre Cormier"
    },
    {
      "@id": "#28660840-8fc1-45af-8eb9-21a41cc9bfc0",
      "@type": "Person",
      "name": "Laura Leroi"
    }
  ]
}