{
  "@context": [
    "https://w3id.org/ro/crate/1.1/context"
  ],
  "@graph": [
    {
      "@id": "ro-crate-metadata.json",
      "@type": "CreativeWork",
      "about": {
        "@id": "https://training.galaxyproject.org/training-material/topics/assembly/tutorials/assembly-quality-control/workflows/main_workflow.html"
      },
      "conformsTo": {
        "@id": "https://w3id.org/ro/crate/1.1"
      }
    },
    {
      "@id": "https://training.galaxyproject.org/training-material/topics/assembly/tutorials/assembly-quality-control/workflows/main_workflow.html",
      "@type": "Dataset",
      "name": "Genome Assembly Quality Control",
      "description": "Genome assembly quality control using PacBio data and with reference genome\n\n## Associated Tutorial\n\nThis workflows is part of the tutorial [Genome Assembly Quality Control](https://training.galaxyproject.org/training-material/topics/assembly/tutorials/assembly-quality-control/tutorial.html), available in the [GTN](https://training.galaxyproject.org)\n\n\n\n\n\n## Thanks to...\n\n**Workflow Author(s)**: Erwan Corre, Stéphanie Robin, Anthony Bretaudeau, Alexandre Cormier, Laura Leroi\n\n**Tutorial Author(s)**: [Anthony Bretaudeau](https://training.galaxyproject.org/training-material/hall-of-fame/abretaud/), [Alexandre Cormier](https://training.galaxyproject.org/training-material/hall-of-fame/alexcorm/), [Erwan Corre](https://training.galaxyproject.org/training-material/hall-of-fame/r1corre/), [Laura Leroi](https://training.galaxyproject.org/training-material/hall-of-fame/lleroi/), [Stéphanie Robin](https://training.galaxyproject.org/training-material/hall-of-fame/stephanierobin/)\n\n[![gtn star logo followed by the word workflows](https://training.galaxyproject.org/training-material/assets/branding/gtn-workflows.png)](https://training.galaxyproject.org/training-material/)",
      "version": "1.0",
      "license": "https://spdx.org/licenses/GPL-3.0-or-later",
      "datePublished": "2024-12-22T23:40:56.148+00:00",
      "mainEntity": {
        "@id": "main-workflow.ga"
      },
      "hasPart": [
        {
          "@id": "main-workflow.ga"
        },
        {
          "@id": "graph.png"
        }
      ]
    },
    {
      "@id": "main-workflow.ga",
      "@type": [
        "File",
        "SoftwareSourceCode",
        "ComputationalWorkflow"
      ],
      "author": [
        {
          "@id": "#9191be99-7f96-403a-a3ed-d52a293d3e6a"
        },
        {
          "@id": "#8fdadbe4-096d-47bf-9d96-f94049770b2d"
        },
        {
          "@id": "#b035a1a0-38e5-4e86-8e56-61fdfdc5e5de"
        },
        {
          "@id": "#6cd63ceb-4d6e-483b-a3be-edb9fc88ba42"
        },
        {
          "@id": "#90e9c7c0-ad9a-4596-abcd-5e5fd807274a"
        }
      ],
      "name": "Genome Assembly Quality Control",
      "programmingLanguage": {
        "@id": "https://w3id.org/workflowhub/workflow-ro-crate#galaxy"
      },
      "image": {
        "@id": "graph.png"
      }
    },
    {
      "@id": "graph.png",
      "@type": [
        "File",
        "ImageObject",
        "WorkflowSketch"
      ],
      "contentSize": 71929
    },
    {
      "@id": "https://w3id.org/workflowhub/workflow-ro-crate#galaxy",
      "@type": "ComputerLanguage",
      "identifier": {
        "@id": "https://galaxyproject.org/"
      },
      "name": "Galaxy",
      "url": {
        "@id": "https://galaxyproject.org/"
      },
      "version": "23.1"
    },
    {
      "@id": "#9191be99-7f96-403a-a3ed-d52a293d3e6a",
      "@type": "Person",
      "name": "Erwan Corre"
    },
    {
      "@id": "#8fdadbe4-096d-47bf-9d96-f94049770b2d",
      "@type": "Person",
      "name": "Stéphanie Robin"
    },
    {
      "@id": "#b035a1a0-38e5-4e86-8e56-61fdfdc5e5de",
      "@type": "Person",
      "name": "Anthony Bretaudeau"
    },
    {
      "@id": "#6cd63ceb-4d6e-483b-a3be-edb9fc88ba42",
      "@type": "Person",
      "name": "Alexandre Cormier"
    },
    {
      "@id": "#90e9c7c0-ad9a-4596-abcd-5e5fd807274a",
      "@type": "Person",
      "name": "Laura Leroi"
    }
  ]
}