{
  "@context": [
    "https://w3id.org/ro/crate/1.1/context"
  ],
  "@graph": [
    {
      "@id": "ro-crate-metadata.json",
      "@type": "CreativeWork",
      "about": {
        "@id": "https://training.galaxyproject.org/training-material/topics/sequence-analysis/tutorials/quality-control/workflows/quality_control.html"
      },
      "conformsTo": {
        "@id": "https://w3id.org/ro/crate/1.1"
      }
    },
    {
      "@id": "https://training.galaxyproject.org/training-material/topics/sequence-analysis/tutorials/quality-control/workflows/quality_control.html",
      "@type": "Dataset",
      "name": "GTN - Sequence Analyses - Quality Control (imported from uploaded file)",
      "description": "Quality Control\n\n## Associated Tutorial\n\nThis workflows is part of the tutorial [Quality Control](https://training.galaxyproject.org/training-material/topics/sequence-analysis/tutorials/quality-control/tutorial.html), available in the [GTN](https://training.galaxyproject.org)\n\n## Features\n\n* Includes [Galaxy Workflow Tests](https://training.galaxyproject.org/training-material/faqs/gtn/workflow_run_test.html)\n\n## Thanks to...\n\n**Tutorial Author(s)**: [Bérénice Batut](https://training.galaxyproject.org/training-material/hall-of-fame/bebatut/), [Maria Doyle](https://training.galaxyproject.org/training-material/hall-of-fame/mblue9/), [Alexandre Cormier](https://training.galaxyproject.org/training-material/hall-of-fame/alexcorm/), [Anthony Bretaudeau](https://training.galaxyproject.org/training-material/hall-of-fame/abretaud/), [Laura Leroi](https://training.galaxyproject.org/training-material/hall-of-fame/lleroi/), [Erwan Corre](https://training.galaxyproject.org/training-material/hall-of-fame/r1corre/), [Stéphanie Robin](https://training.galaxyproject.org/training-material/hall-of-fame/stephanierobin/), [Cameron Hyde](https://training.galaxyproject.org/training-material/hall-of-fame/neoformit/)\n\n**Tutorial Contributor(s)**: [Swathi Nataraj](https://training.galaxyproject.org/training-material/hall-of-fame/Swathi266/), [Helena Rasche](https://training.galaxyproject.org/training-material/hall-of-fame/hexylena/), [Wolfgang Maier](https://training.galaxyproject.org/training-material/hall-of-fame/wm75/), [Teresa Müller](https://training.galaxyproject.org/training-material/hall-of-fame/teresa-m/), [Anthony Bretaudeau](https://training.galaxyproject.org/training-material/hall-of-fame/abretaud/), [Anne Fouilloux](https://training.galaxyproject.org/training-material/hall-of-fame/annefou/), [Saskia Hiltemann](https://training.galaxyproject.org/training-material/hall-of-fame/shiltemann/), [Natalie Kucher](https://training.galaxyproject.org/training-material/hall-of-fame/nakucher/), [Nicola Soranzo](https://training.galaxyproject.org/training-material/hall-of-fame/nsoranzo/), [Björn Grüning](https://training.galaxyproject.org/training-material/hall-of-fame/bgruening/), [Bérénice Batut](https://training.galaxyproject.org/training-material/hall-of-fame/bebatut/), [Matthias Bernt](https://training.galaxyproject.org/training-material/hall-of-fame/bernt-matthias/), [Anup Kumar](https://training.galaxyproject.org/training-material/hall-of-fame/anuprulez/), [Anika Erxleben](https://training.galaxyproject.org/training-material/hall-of-fame/erxleben/), [Maria Doyle](https://training.galaxyproject.org/training-material/hall-of-fame/mblue9/), [Cristóbal Gallardo](https://training.galaxyproject.org/training-material/hall-of-fame/gallardoalba/), [Simon Bray](https://training.galaxyproject.org/training-material/hall-of-fame/simonbray/), [Mateo Boudet](https://training.galaxyproject.org/training-material/hall-of-fame/mboudet/), [Alexandre Cormier](https://training.galaxyproject.org/training-material/hall-of-fame/alexcorm/), [William Durand](https://training.galaxyproject.org/training-material/hall-of-fame/willdurand/)\n\n**Grants(s)**: [Gallantries: Bridging Training Communities in Life Science, Environment and Health](https://training.galaxyproject.org/training-material/hall-of-fame/gallantries/)\n\n[![gtn star logo followed by the word workflows](https://training.galaxyproject.org/training-material/assets/branding/gtn-workflows.png)](https://training.galaxyproject.org/training-material/)",
      "version": "5.0",
      "license": "https://spdx.org/licenses/CC-BY-4.0",
      "datePublished": "2025-01-14T15:18:00.252+00:00",
      "mainEntity": {
        "@id": "quality-control.ga"
      },
      "hasPart": [
        {
          "@id": "quality-control.ga"
        },
        {
          "@id": "graph.png"
        }
      ]
    },
    {
      "@id": "quality-control.ga",
      "@type": [
        "File",
        "SoftwareSourceCode",
        "ComputationalWorkflow"
      ],
      "author": [

      ],
      "name": "GTN - Sequence Analyses - Quality Control (imported from uploaded file)",
      "programmingLanguage": {
        "@id": "https://w3id.org/workflowhub/workflow-ro-crate#galaxy"
      },
      "image": {
        "@id": "graph.png"
      }
    },
    {
      "@id": "graph.png",
      "@type": [
        "File",
        "ImageObject",
        "WorkflowSketch"
      ],
      "contentSize": 41375
    },
    {
      "@id": "https://w3id.org/workflowhub/workflow-ro-crate#galaxy",
      "@type": "ComputerLanguage",
      "identifier": {
        "@id": "https://galaxyproject.org/"
      },
      "name": "Galaxy",
      "url": {
        "@id": "https://galaxyproject.org/"
      },
      "version": "23.1"
    }
  ]
}