{
  "@context": [
    "https://w3id.org/ro/crate/1.1/context"
  ],
  "@graph": [
    {
      "@id": "ro-crate-metadata.json",
      "@type": "CreativeWork",
      "about": {
        "@id": "https://training.galaxyproject.org/training-material/topics/single-cell/tutorials/scatac-standard-processing-snapatac2/workflows/Standard-processing-of-10X-single-cell-ATAC-seq-data-with-SnapATAC2.html"
      },
      "conformsTo": {
        "@id": "https://w3id.org/ro/crate/1.1"
      }
    },
    {
      "@id": "https://training.galaxyproject.org/training-material/topics/single-cell/tutorials/scatac-standard-processing-snapatac2/workflows/Standard-processing-of-10X-single-cell-ATAC-seq-data-with-SnapATAC2.html",
      "@type": "Dataset",
      "name": "Workflow - Standard processing of 10X single cell ATAC-seq data with SnapATAC2",
      "description": "Workflow of Tutorial \"Single-cell ATAC-seq standard processing with SnapATAC2\".\nThis workflow takes a fragment file as input and performs the standard steps of scATAC-seq analysis: filtering, dimension reduction, embedding and visualization of marker genes with SnapATAC2.\nIn an alternative step, the fragment file can also be generated from a BAM file. \n\n## Associated Tutorial\n\nThis workflows is part of the tutorial [Single-cell ATAC-seq standard processing with SnapATAC2](https://training.galaxyproject.org/training-material/topics/single-cell/tutorials/scatac-standard-processing-snapatac2/tutorial.html), available in the [GTN](https://training.galaxyproject.org)\n\n## Features\n\n* Includes [Galaxy Workflow Tests](https://training.galaxyproject.org/training-material/faqs/gtn/workflow_run_test.html)\n* Includes a [Galaxy Workflow Report](https://training.galaxyproject.org/training-material/faqs/galaxy/workflows_report_view.html)\n* Uses [Galaxy Workflow Comments](https://training.galaxyproject.org/training-material/faqs/galaxy/workflows_comments.html)\n\n## Thanks to...\n\n**Workflow Author(s)**: Timon Schlegel\n\n**Tutorial Author(s)**: [Timon Schlegel](https://training.galaxyproject.org/training-material/hall-of-fame/timonschlegel/)\n\n**Tutorial Contributor(s)**: [Pavankumar Videm](https://training.galaxyproject.org/training-material/hall-of-fame/pavanvidem/), [Björn Grüning](https://training.galaxyproject.org/training-material/hall-of-fame/bgruening/), [Saskia Hiltemann](https://training.galaxyproject.org/training-material/hall-of-fame/shiltemann/), [Timon Schlegel](https://training.galaxyproject.org/training-material/hall-of-fame/timonschlegel/)\n\n[![gtn star logo followed by the word workflows](https://training.galaxyproject.org/training-material/assets/branding/gtn-workflows.png)](https://training.galaxyproject.org/training-material/)",
      "version": "2.0",
      "license": "https://spdx.org/licenses/CC-BY-4.0",
      "datePublished": "2025-01-22T00:06:26.099+00:00",
      "mainEntity": {
        "@id": "standard-processing-of-10x-single-cell-atac-seq-data-with-snapatac2.ga"
      },
      "hasPart": [
        {
          "@id": "standard-processing-of-10x-single-cell-atac-seq-data-with-snapatac2.ga"
        },
        {
          "@id": "graph.png"
        }
      ]
    },
    {
      "@id": "standard-processing-of-10x-single-cell-atac-seq-data-with-snapatac2.ga",
      "@type": [
        "File",
        "SoftwareSourceCode",
        "ComputationalWorkflow"
      ],
      "author": [
        {
          "@id": "https://orcid.org/0009-0001-3228-105X"
        }
      ],
      "name": "Workflow - Standard processing of 10X single cell ATAC-seq data with SnapATAC2",
      "programmingLanguage": {
        "@id": "https://w3id.org/workflowhub/workflow-ro-crate#galaxy"
      },
      "image": {
        "@id": "graph.png"
      }
    },
    {
      "@id": "graph.png",
      "@type": [
        "File",
        "ImageObject",
        "WorkflowSketch"
      ],
      "contentSize": 344925
    },
    {
      "@id": "https://w3id.org/workflowhub/workflow-ro-crate#galaxy",
      "@type": "ComputerLanguage",
      "identifier": {
        "@id": "https://galaxyproject.org/"
      },
      "name": "Galaxy",
      "url": {
        "@id": "https://galaxyproject.org/"
      },
      "version": "23.1"
    },
    {
      "@id": "https://orcid.org/0009-0001-3228-105X",
      "@type": "Person",
      "name": "Timon Schlegel"
    }
  ]
}