{
  "@context": [
    "https://w3id.org/ro/crate/1.1/context"
  ],
  "@graph": [
    {
      "@id": "ro-crate-metadata.json",
      "@type": "CreativeWork",
      "about": {
        "@id": "https://training.galaxyproject.org/training-material/topics/assembly/tutorials/ecoli_comparison/workflows/ecoli-comparison.html"
      },
      "conformsTo": {
        "@id": "https://w3id.org/ro/crate/1.1"
      }
    },
    {
      "@id": "https://training.galaxyproject.org/training-material/topics/assembly/tutorials/ecoli_comparison/workflows/ecoli-comparison.html",
      "@type": "Dataset",
      "name": "Ecoli Comparison",
      "description": "Making sense of a newly assembled genome\n\n## Associated Tutorial\n\nThis workflows is part of the tutorial [Making sense of a newly assembled genome](https://training.galaxyproject.org/training-material/topics/assembly/tutorials/ecoli_comparison/tutorial.html), available in the [GTN](https://training.galaxyproject.org)\n\n\n\n\n\n## Thanks to...\n\n**Tutorial Author(s)**: [Anton Nekrutenko](https://training.galaxyproject.org/training-material/hall-of-fame/nekrut/), [Delphine Lariviere](https://training.galaxyproject.org/training-material/hall-of-fame/delphine-l/), [Helena Rasche](https://training.galaxyproject.org/training-material/hall-of-fame/hexylena/)\n\n[![gtn star logo followed by the word workflows](https://training.galaxyproject.org/training-material/assets/branding/gtn-workflows.png)](https://training.galaxyproject.org/training-material/)",
      "version": "3.0",
      "license": "https://spdx.org/licenses/CC-BY-4.0",
      "datePublished": "2024-12-23T00:06:37.762+00:00",
      "mainEntity": {
        "@id": "ecoli-comparison.ga"
      },
      "hasPart": [
        {
          "@id": "ecoli-comparison.ga"
        },
        {
          "@id": "graph.png"
        }
      ]
    },
    {
      "@id": "ecoli-comparison.ga",
      "@type": [
        "File",
        "SoftwareSourceCode",
        "ComputationalWorkflow"
      ],
      "author": [

      ],
      "name": "Ecoli Comparison",
      "programmingLanguage": {
        "@id": "https://w3id.org/workflowhub/workflow-ro-crate#galaxy"
      },
      "image": {
        "@id": "graph.png"
      }
    },
    {
      "@id": "graph.png",
      "@type": [
        "File",
        "ImageObject",
        "WorkflowSketch"
      ],
      "contentSize": 174533
    },
    {
      "@id": "https://w3id.org/workflowhub/workflow-ro-crate#galaxy",
      "@type": "ComputerLanguage",
      "identifier": {
        "@id": "https://galaxyproject.org/"
      },
      "name": "Galaxy",
      "url": {
        "@id": "https://galaxyproject.org/"
      },
      "version": "23.1"
    }
  ]
}