{
  "@context": [
    "https://w3id.org/ro/crate/1.1/context"
  ],
  "@graph": [
    {
      "@id": "ro-crate-metadata.json",
      "@type": "CreativeWork",
      "about": {
        "@id": "https://training.galaxyproject.org/training-material/topics/introduction/tutorials/galaxy-intro-short/workflows/Galaxy-Workflow-galaxy-intro-short.html"
      },
      "conformsTo": {
        "@id": "https://w3id.org/ro/crate/1.1"
      }
    },
    {
      "@id": "https://training.galaxyproject.org/training-material/topics/introduction/tutorials/galaxy-intro-short/workflows/Galaxy-Workflow-galaxy-intro-short.html",
      "@type": "Dataset",
      "name": "Galaxy Intro Short",
      "description": "A short introduction to Galaxy\n\n## Associated Tutorial\n\nThis workflows is part of the tutorial [A short introduction to Galaxy](https://training.galaxyproject.org/training-material/topics/introduction/tutorials/galaxy-intro-short/tutorial.html), available in the [GTN](https://training.galaxyproject.org)\n\n\n\n\n\n## Thanks to...\n\n**Tutorial Author(s)**: [Anna Syme](https://training.galaxyproject.org/training-material/hall-of-fame/annasyme/), [Nicola Soranzo](https://training.galaxyproject.org/training-material/hall-of-fame/nsoranzo/)\n\n**Tutorial Contributor(s)**: [Bérénice Batut](https://training.galaxyproject.org/training-material/hall-of-fame/bebatut/), [Ahmed Hamid Awan](https://training.galaxyproject.org/training-material/hall-of-fame/ahmedhamidawan/), [Helena Rasche](https://training.galaxyproject.org/training-material/hall-of-fame/hexylena/), [Saskia Hiltemann](https://training.galaxyproject.org/training-material/hall-of-fame/shiltemann/), [Cristóbal Gallardo](https://training.galaxyproject.org/training-material/hall-of-fame/gallardoalba/), [Björn Grüning](https://training.galaxyproject.org/training-material/hall-of-fame/bgruening/), [Mehmet Tekman](https://training.galaxyproject.org/training-material/hall-of-fame/mtekman/), [Bert Droesbeke](https://training.galaxyproject.org/training-material/hall-of-fame/bedroesb/), [Nicola Soranzo](https://training.galaxyproject.org/training-material/hall-of-fame/nsoranzo/), [Marius van den Beek](https://training.galaxyproject.org/training-material/hall-of-fame/mvdbeek/), [Beatriz Serrano-Solano](https://training.galaxyproject.org/training-material/hall-of-fame/beatrizserrano/), [Wendi Bacon](https://training.galaxyproject.org/training-material/hall-of-fame/nomadscientist/), [David López](https://training.galaxyproject.org/training-material/hall-of-fame/davelopez/), [Maria Doyle](https://training.galaxyproject.org/training-material/hall-of-fame/mblue9/)\n\n**Funder(s)**: [Australian BioCommons](https://training.galaxyproject.org/training-material/hall-of-fame/AustralianBioCommons/), [ELIXIR Europe](https://training.galaxyproject.org/training-material/hall-of-fame/elixir-europe/), [University of Freiburg](https://training.galaxyproject.org/training-material/hall-of-fame/uni-freiburg/)\n\n[![gtn star logo followed by the word workflows](https://training.galaxyproject.org/training-material/assets/branding/gtn-workflows.png)](https://training.galaxyproject.org/training-material/)",
      "version": "5.0",
      "license": "https://spdx.org/licenses/CC-BY-4.0",
      "datePublished": "2024-12-13T13:26:17.831+00:00",
      "mainEntity": {
        "@id": "galaxy-workflowlaxy-intro-short.ga"
      },
      "hasPart": [
        {
          "@id": "galaxy-workflowlaxy-intro-short.ga"
        },
        {
          "@id": "graph.png"
        }
      ]
    },
    {
      "@id": "galaxy-workflowlaxy-intro-short.ga",
      "@type": [
        "File",
        "SoftwareSourceCode",
        "ComputationalWorkflow"
      ],
      "author": [

      ],
      "name": "Galaxy Intro Short",
      "programmingLanguage": {
        "@id": "https://w3id.org/workflowhub/workflow-ro-crate#galaxy"
      },
      "image": {
        "@id": "graph.png"
      }
    },
    {
      "@id": "graph.png",
      "@type": [
        "File",
        "ImageObject",
        "WorkflowSketch"
      ],
      "contentSize": 23357
    },
    {
      "@id": "https://w3id.org/workflowhub/workflow-ro-crate#galaxy",
      "@type": "ComputerLanguage",
      "identifier": {
        "@id": "https://galaxyproject.org/"
      },
      "name": "Galaxy",
      "url": {
        "@id": "https://galaxyproject.org/"
      },
      "version": "23.1"
    }
  ]
}