{
  "@context": [
    "https://w3id.org/ro/crate/1.1/context"
  ],
  "@graph": [
    {
      "@id": "ro-crate-metadata.json",
      "@type": "CreativeWork",
      "about": {
        "@id": "https://training.galaxyproject.org/training-material/topics/ecology/tutorials/bacterial-isolate-species-contamination-checking/workflows/Checking-expected-species-and-contamination-in-bacterial-isolate.html"
      },
      "conformsTo": {
        "@id": "https://w3id.org/ro/crate/1.1"
      }
    },
    {
      "@id": "https://training.galaxyproject.org/training-material/topics/ecology/tutorials/bacterial-isolate-species-contamination-checking/workflows/Checking-expected-species-and-contamination-in-bacterial-isolate.html",
      "@type": "Dataset",
      "name": "Checking expected species and contamination in bacterial isolate",
      "description": "Checking expected species and contamination in bacterial isolate\n\n## Associated Tutorial\n\nThis workflows is part of the tutorial [Checking expected species and contamination in bacterial isolate](https://training.galaxyproject.org/training-material/topics/ecology/tutorials/bacterial-isolate-species-contamination-checking/tutorial.html), available in the [GTN](https://training.galaxyproject.org)\n\n## Features\n\n* Includes [Galaxy Workflow Tests](https://training.galaxyproject.org/training-material/faqs/gtn/workflow_run_test.html)\n\n## Thanks to...\n\n**Workflow Author(s)**: Pierre, Bérénice Batut\n\n**Tutorial Author(s)**: [Bérénice Batut](https://training.galaxyproject.org/training-material/hall-of-fame/bebatut/)\n\n**Tutorial Contributor(s)**: [Clea Siguret](https://training.galaxyproject.org/training-material/hall-of-fame/clsiguret/), [Helena Rasche](https://training.galaxyproject.org/training-material/hall-of-fame/hexylena/), [Saskia Hiltemann](https://training.galaxyproject.org/training-material/hall-of-fame/shiltemann/)\n\n**Funder(s)**: [ABRomics](https://training.galaxyproject.org/training-material/hall-of-fame/abromics/)\n\n[![gtn star logo followed by the word workflows](https://training.galaxyproject.org/training-material/assets/branding/gtn-workflows.png)](https://training.galaxyproject.org/training-material/)",
      "version": "2.0",
      "license": "https://spdx.org/licenses/GPL-3.0-or-later",
      "datePublished": "2025-01-14T15:17:58.127+00:00",
      "mainEntity": {
        "@id": "checking-expected-species-and-contamination-in-bacterial-isolate.ga"
      },
      "hasPart": [
        {
          "@id": "checking-expected-species-and-contamination-in-bacterial-isolate.ga"
        },
        {
          "@id": "graph.png"
        }
      ]
    },
    {
      "@id": "checking-expected-species-and-contamination-in-bacterial-isolate.ga",
      "@type": [
        "File",
        "SoftwareSourceCode",
        "ComputationalWorkflow"
      ],
      "author": [
        {
          "@id": "https://orcid.org/0000-0002-8304-138X"
        },
        {
          "@id": "https://orcid.org/0000-0001-9852-1987"
        }
      ],
      "name": "Checking expected species and contamination in bacterial isolate",
      "programmingLanguage": {
        "@id": "https://w3id.org/workflowhub/workflow-ro-crate#galaxy"
      },
      "image": {
        "@id": "graph.png"
      }
    },
    {
      "@id": "graph.png",
      "@type": [
        "File",
        "ImageObject",
        "WorkflowSketch"
      ],
      "contentSize": 60893
    },
    {
      "@id": "https://w3id.org/workflowhub/workflow-ro-crate#galaxy",
      "@type": "ComputerLanguage",
      "identifier": {
        "@id": "https://galaxyproject.org/"
      },
      "name": "Galaxy",
      "url": {
        "@id": "https://galaxyproject.org/"
      },
      "version": "23.1"
    },
    {
      "@id": "https://orcid.org/0000-0002-8304-138X",
      "@type": "Person",
      "name": "Pierre"
    },
    {
      "@id": "https://orcid.org/0000-0001-9852-1987",
      "@type": "Person",
      "name": "Bérénice Batut"
    }
  ]
}