{
  "@context": [
    "https://w3id.org/ro/crate/1.1/context"
  ],
  "@graph": [
    {
      "@id": "ro-crate-metadata.json",
      "@type": "CreativeWork",
      "about": {
        "@id": "https://training.galaxyproject.org/training-material/topics/statistics/tutorials/fruit_360/workflows/fruit_360.html"
      },
      "conformsTo": {
        "@id": "https://w3id.org/ro/crate/1.1"
      }
    },
    {
      "@id": "https://training.galaxyproject.org/training-material/topics/statistics/tutorials/fruit_360/workflows/fruit_360.html",
      "@type": "Dataset",
      "name": "fruit_360",
      "description": "Image classification with fruit 360 dataset\n\n## Associated Tutorial\n\nThis workflows is part of the tutorial [Image classification in Galaxy with fruit 360 dataset](https://training.galaxyproject.org/training-material/topics/statistics/tutorials/fruit_360/tutorial.html), available in the [GTN](https://training.galaxyproject.org)\n\n\n\n\n\n## Thanks to...\n\n**Workflow Author(s)**: Kaivan Kamali\n\n**Tutorial Author(s)**: [Kaivan Kamali](https://training.galaxyproject.org/training-material/hall-of-fame/kxk302/)\n\n[![gtn star logo followed by the word workflows](https://training.galaxyproject.org/training-material/assets/branding/gtn-workflows.png)](https://training.galaxyproject.org/training-material/)",
      "version": "2.0",
      "license": "https://spdx.org/licenses/CC-BY-4.0",
      "datePublished": "2025-01-16T14:45:30.762+00:00",
      "mainEntity": {
        "@id": "fruit-360.ga"
      },
      "hasPart": [
        {
          "@id": "fruit-360.ga"
        },
        {
          "@id": "graph.png"
        }
      ]
    },
    {
      "@id": "fruit-360.ga",
      "@type": [
        "File",
        "SoftwareSourceCode",
        "ComputationalWorkflow"
      ],
      "author": [
        {
          "@id": "#47ba37ee-4216-41a3-bb35-81a0791d00aa"
        }
      ],
      "name": "fruit_360",
      "programmingLanguage": {
        "@id": "https://w3id.org/workflowhub/workflow-ro-crate#galaxy"
      },
      "image": {
        "@id": "graph.png"
      }
    },
    {
      "@id": "graph.png",
      "@type": [
        "File",
        "ImageObject",
        "WorkflowSketch"
      ],
      "contentSize": 76989
    },
    {
      "@id": "https://w3id.org/workflowhub/workflow-ro-crate#galaxy",
      "@type": "ComputerLanguage",
      "identifier": {
        "@id": "https://galaxyproject.org/"
      },
      "name": "Galaxy",
      "url": {
        "@id": "https://galaxyproject.org/"
      },
      "version": "23.1"
    },
    {
      "@id": "#47ba37ee-4216-41a3-bb35-81a0791d00aa",
      "@type": "Person",
      "name": "Kaivan Kamali"
    }
  ]
}