{
  "@context": [
    "https://w3id.org/ro/crate/1.1/context"
  ],
  "@graph": [
    {
      "@id": "ro-crate-metadata.json",
      "@type": "CreativeWork",
      "about": {
        "@id": "https://training.galaxyproject.org/training-material/topics/sequence-analysis/tutorials/mapping/workflows/mapping-jbrowse.html"
      },
      "conformsTo": {
        "@id": "https://w3id.org/ro/crate/1.1"
      }
    },
    {
      "@id": "https://training.galaxyproject.org/training-material/topics/sequence-analysis/tutorials/mapping/workflows/mapping-jbrowse.html",
      "@type": "Dataset",
      "name": "GTN - Sequence Analyses - Mapping - Jbrowse (imported from uploaded file)",
      "description": "Mapping\n\n## Associated Tutorial\n\nThis workflows is part of the tutorial [Mapping](https://training.galaxyproject.org/training-material/topics/sequence-analysis/tutorials/mapping/tutorial.html), available in the [GTN](https://training.galaxyproject.org)\n\n\n\n\n\n## Thanks to...\n\n**Tutorial Author(s)**: [Joachim Wolff](https://training.galaxyproject.org/training-material/hall-of-fame/joachimwolff/), [Bérénice Batut](https://training.galaxyproject.org/training-material/hall-of-fame/bebatut/), [Helena Rasche](https://training.galaxyproject.org/training-material/hall-of-fame/hexylena/)\n\n[![gtn star logo followed by the word workflows](https://training.galaxyproject.org/training-material/assets/branding/gtn-workflows.png)](https://training.galaxyproject.org/training-material/)",
      "version": "5.0",
      "license": "https://spdx.org/licenses/CC-BY-4.0",
      "datePublished": "2024-12-20T00:06:44.806+00:00",
      "mainEntity": {
        "@id": "mapping-jbrowse.ga"
      },
      "hasPart": [
        {
          "@id": "mapping-jbrowse.ga"
        },
        {
          "@id": "graph.png"
        }
      ]
    },
    {
      "@id": "mapping-jbrowse.ga",
      "@type": [
        "File",
        "SoftwareSourceCode",
        "ComputationalWorkflow"
      ],
      "author": [

      ],
      "name": "GTN - Sequence Analyses - Mapping - Jbrowse (imported from uploaded file)",
      "programmingLanguage": {
        "@id": "https://w3id.org/workflowhub/workflow-ro-crate#galaxy"
      },
      "image": {
        "@id": "graph.png"
      }
    },
    {
      "@id": "graph.png",
      "@type": [
        "File",
        "ImageObject",
        "WorkflowSketch"
      ],
      "contentSize": 54369
    },
    {
      "@id": "https://w3id.org/workflowhub/workflow-ro-crate#galaxy",
      "@type": "ComputerLanguage",
      "identifier": {
        "@id": "https://galaxyproject.org/"
      },
      "name": "Galaxy",
      "url": {
        "@id": "https://galaxyproject.org/"
      },
      "version": "23.1"
    }
  ]
}