{
  "@context": [
    "https://w3id.org/ro/crate/1.1/context"
  ],
  "@graph": [
    {
      "@id": "ro-crate-metadata.json",
      "@type": "CreativeWork",
      "about": {
        "@id": "https://training.galaxyproject.org/training-material/topics/imaging/tutorials/detection-of-mitoflashes/workflows/Capturing-mitoflashes.html"
      },
      "conformsTo": {
        "@id": "https://w3id.org/ro/crate/1.1"
      }
    },
    {
      "@id": "https://training.galaxyproject.org/training-material/topics/imaging/tutorials/detection-of-mitoflashes/workflows/Capturing-mitoflashes.html",
      "@type": "Dataset",
      "name": "Capturing mitoflashes",
      "description": "This workflow is developed for automatic detection and measuring of mitoflashes in time-lapse microscopy images. \n\nIn addition, this workflow can be used for detection and tracking of other spot-like organelles with small motion.\n\nIf this workflow helped with the analysis of your data, please do not forget to cite: https://doi.org/10.1097/j.pain.0000000000002642\n\n## Associated Tutorial\n\nThis workflows is part of the tutorial [Tracking of mitochondria and capturing mitoflashes](https://training.galaxyproject.org/training-material/topics/imaging/tutorials/detection-of-mitoflashes/tutorial.html), available in the [GTN](https://training.galaxyproject.org)\n\n## Features\n\n* Includes [Galaxy Workflow Tests](https://training.galaxyproject.org/training-material/faqs/gtn/workflow_run_test.html)\n* Includes a [Galaxy Workflow Report](https://training.galaxyproject.org/training-material/faqs/galaxy/workflows_report_view.html)\n\n## Thanks to...\n\n**Workflow Author(s)**: BMCV Group, Heidelberg University\n\n**Tutorial Author(s)**: [Diana Chiang Jurado](https://training.galaxyproject.org/training-material/hall-of-fame/dianichj/), [Leonid Kostrykin](https://training.galaxyproject.org/training-material/hall-of-fame/kostrykin/)\n\n**Tutorial Contributor(s)**: [Björn Grüning](https://training.galaxyproject.org/training-material/hall-of-fame/bgruening/), [Leonid Kostrykin](https://training.galaxyproject.org/training-material/hall-of-fame/kostrykin/), [Diana Chiang Jurado](https://training.galaxyproject.org/training-material/hall-of-fame/dianichj/), [Helena Rasche](https://training.galaxyproject.org/training-material/hall-of-fame/hexylena/)\n\n[![gtn star logo followed by the word workflows](https://training.galaxyproject.org/training-material/assets/branding/gtn-workflows.png)](https://training.galaxyproject.org/training-material/)",
      "version": "1.0",
      "license": "https://spdx.org/licenses/CC-BY-4.0",
      "datePublished": "2024-12-23T09:50:30.085+00:00",
      "mainEntity": {
        "@id": "capturing-mitoflashes.ga"
      },
      "hasPart": [
        {
          "@id": "capturing-mitoflashes.ga"
        },
        {
          "@id": "graph.png"
        }
      ]
    },
    {
      "@id": "capturing-mitoflashes.ga",
      "@type": [
        "File",
        "SoftwareSourceCode",
        "ComputationalWorkflow"
      ],
      "author": [
        {
          "@id": "#cd5de723-41c2-40d9-b14a-b0d0778c779a"
        }
      ],
      "name": "Capturing mitoflashes",
      "programmingLanguage": {
        "@id": "https://w3id.org/workflowhub/workflow-ro-crate#galaxy"
      },
      "image": {
        "@id": "graph.png"
      }
    },
    {
      "@id": "graph.png",
      "@type": [
        "File",
        "ImageObject",
        "WorkflowSketch"
      ],
      "contentSize": 36892
    },
    {
      "@id": "https://w3id.org/workflowhub/workflow-ro-crate#galaxy",
      "@type": "ComputerLanguage",
      "identifier": {
        "@id": "https://galaxyproject.org/"
      },
      "name": "Galaxy",
      "url": {
        "@id": "https://galaxyproject.org/"
      },
      "version": "23.1"
    },
    {
      "@id": "#cd5de723-41c2-40d9-b14a-b0d0778c779a",
      "@type": "Organization",
      "name": "BMCV Group, Heidelberg University"
    }
  ]
}