{
  "@context": [
    "https://w3id.org/ro/crate/1.1/context"
  ],
  "@graph": [
    {
      "@id": "ro-crate-metadata.json",
      "@type": "CreativeWork",
      "about": {
        "@id": "https://training.galaxyproject.org/training-material/topics/epigenetics/tutorials/hicexplorer/workflows/Galaxy-Workflow-Galaxy_Hi-C.html"
      },
      "conformsTo": {
        "@id": "https://w3id.org/ro/crate/1.1"
      }
    },
    {
      "@id": "https://training.galaxyproject.org/training-material/topics/epigenetics/tutorials/hicexplorer/workflows/Galaxy-Workflow-Galaxy_Hi-C.html",
      "@type": "Dataset",
      "name": "Galaxy Workflow Galaxy Hi C",
      "description": "Hi-C analysis of Drosophila melanogaster cells using HiCExplorer\n\n## Associated Tutorial\n\nThis workflows is part of the tutorial [Hi-C analysis of Drosophila melanogaster cells using HiCExplorer](https://training.galaxyproject.org/training-material/topics/epigenetics/tutorials/hicexplorer/tutorial.html), available in the [GTN](https://training.galaxyproject.org)\n\n\n\n\n\n## Thanks to...\n\n**Tutorial Author(s)**: [Joachim Wolff](https://training.galaxyproject.org/training-material/hall-of-fame/joachimwolff/), [Fidel Ramirez](https://training.galaxyproject.org/training-material/hall-of-fame/fidelram/), [Vivek Bhardwaj](https://training.galaxyproject.org/training-material/hall-of-fame/vivekbhr/), [Ekaterina Polkh](https://training.galaxyproject.org/training-material/hall-of-fame/polkhe/)\n\n**Tutorial Contributor(s)**: [Helena Rasche](https://training.galaxyproject.org/training-material/hall-of-fame/hexylena/), [Saskia Hiltemann](https://training.galaxyproject.org/training-material/hall-of-fame/shiltemann/), [Nicola Soranzo](https://training.galaxyproject.org/training-material/hall-of-fame/nsoranzo/), [Joachim Wolff](https://training.galaxyproject.org/training-material/hall-of-fame/joachimwolff/), [Björn Grüning](https://training.galaxyproject.org/training-material/hall-of-fame/bgruening/), [Mehmet Tekman](https://training.galaxyproject.org/training-material/hall-of-fame/mtekman/), [Anup Kumar](https://training.galaxyproject.org/training-material/hall-of-fame/anuprulez/), [Torsten Houwaart](https://training.galaxyproject.org/training-material/hall-of-fame/torhou/), [Bérénice Batut](https://training.galaxyproject.org/training-material/hall-of-fame/bebatut/), [Niall Beard](https://training.galaxyproject.org/training-material/hall-of-fame/njall/)\n\n**Funder(s)**: [ELIXIR Europe](https://training.galaxyproject.org/training-material/hall-of-fame/elixir-europe/), [de.NBI](https://training.galaxyproject.org/training-material/hall-of-fame/deNBI/), [University of Freiburg](https://training.galaxyproject.org/training-material/hall-of-fame/uni-freiburg/), [Collaborative Research Centre 992](https://training.galaxyproject.org/training-material/hall-of-fame/sfb992/)\n\n[![gtn star logo followed by the word workflows](https://training.galaxyproject.org/training-material/assets/branding/gtn-workflows.png)](https://training.galaxyproject.org/training-material/)",
      "version": "4.0",
      "license": "https://spdx.org/licenses/CC-BY-4.0",
      "datePublished": "2024-12-20T22:29:51.774+00:00",
      "mainEntity": {
        "@id": "galaxy-workflow-galaxy-hi-c.ga"
      },
      "hasPart": [
        {
          "@id": "galaxy-workflow-galaxy-hi-c.ga"
        },
        {
          "@id": "graph.png"
        }
      ]
    },
    {
      "@id": "galaxy-workflow-galaxy-hi-c.ga",
      "@type": [
        "File",
        "SoftwareSourceCode",
        "ComputationalWorkflow"
      ],
      "author": [

      ],
      "name": "Galaxy Workflow Galaxy Hi C",
      "programmingLanguage": {
        "@id": "https://w3id.org/workflowhub/workflow-ro-crate#galaxy"
      },
      "image": {
        "@id": "graph.png"
      }
    },
    {
      "@id": "graph.png",
      "@type": [
        "File",
        "ImageObject",
        "WorkflowSketch"
      ],
      "contentSize": 103854
    },
    {
      "@id": "https://w3id.org/workflowhub/workflow-ro-crate#galaxy",
      "@type": "ComputerLanguage",
      "identifier": {
        "@id": "https://galaxyproject.org/"
      },
      "name": "Galaxy",
      "url": {
        "@id": "https://galaxyproject.org/"
      },
      "version": "23.1"
    }
  ]
}