{
  "@context": [
    "https://w3id.org/ro/crate/1.1/context"
  ],
  "@graph": [
    {
      "@id": "ro-crate-metadata.json",
      "@type": "CreativeWork",
      "about": {
        "@id": "https://training.galaxyproject.org/training-material/topics/imaging/tutorials/tutorial-CP/workflows/main_workflow.html"
      },
      "conformsTo": {
        "@id": "https://w3id.org/ro/crate/1.1"
      }
    },
    {
      "@id": "https://training.galaxyproject.org/training-material/topics/imaging/tutorials/tutorial-CP/workflows/main_workflow.html",
      "@type": "Dataset",
      "name": "CP_pipeline_IDR_training",
      "description": "Nucleoli segmentation and feature extraction using CellProfiler\n\n## Associated Tutorial\n\nThis workflows is part of the tutorial [Nucleoli segmentation and feature extraction using CellProfiler](https://training.galaxyproject.org/training-material/topics/imaging/tutorials/tutorial-CP/tutorial.html), available in the [GTN](https://training.galaxyproject.org)\n\n\n\n\n\n## Thanks to...\n\n**Tutorial Author(s)**: [Beatriz Serrano-Solano](https://training.galaxyproject.org/training-material/hall-of-fame/beatrizserrano/), [Jean-Karim Hériché](https://training.galaxyproject.org/training-material/hall-of-fame/jkh1/)\n\n**Tutorial Contributor(s)**: [Helena Rasche](https://training.galaxyproject.org/training-material/hall-of-fame/hexylena/), [Saskia Hiltemann](https://training.galaxyproject.org/training-material/hall-of-fame/shiltemann/), [Björn Grüning](https://training.galaxyproject.org/training-material/hall-of-fame/bgruening/), [Beatriz Serrano-Solano](https://training.galaxyproject.org/training-material/hall-of-fame/beatrizserrano/), [Anne Fouilloux](https://training.galaxyproject.org/training-material/hall-of-fame/annefou/)\n\n[![gtn star logo followed by the word workflows](https://training.galaxyproject.org/training-material/assets/branding/gtn-workflows.png)](https://training.galaxyproject.org/training-material/)",
      "version": "3.0",
      "license": "https://spdx.org/licenses/CC-BY-4.0",
      "datePublished": "2025-01-20T14:09:44.588+00:00",
      "mainEntity": {
        "@id": "main-workflow.ga"
      },
      "hasPart": [
        {
          "@id": "main-workflow.ga"
        },
        {
          "@id": "graph.png"
        }
      ]
    },
    {
      "@id": "main-workflow.ga",
      "@type": [
        "File",
        "SoftwareSourceCode",
        "ComputationalWorkflow"
      ],
      "author": [

      ],
      "name": "CP_pipeline_IDR_training",
      "programmingLanguage": {
        "@id": "https://w3id.org/workflowhub/workflow-ro-crate#galaxy"
      },
      "image": {
        "@id": "graph.png"
      }
    },
    {
      "@id": "graph.png",
      "@type": [
        "File",
        "ImageObject",
        "WorkflowSketch"
      ],
      "contentSize": 156094
    },
    {
      "@id": "https://w3id.org/workflowhub/workflow-ro-crate#galaxy",
      "@type": "ComputerLanguage",
      "identifier": {
        "@id": "https://galaxyproject.org/"
      },
      "name": "Galaxy",
      "url": {
        "@id": "https://galaxyproject.org/"
      },
      "version": "23.1"
    }
  ]
}