{
  "@context": [
    "https://w3id.org/ro/crate/1.1/context"
  ],
  "@graph": [
    {
      "@id": "ro-crate-metadata.json",
      "@type": "CreativeWork",
      "about": {
        "@id": "https://training.galaxyproject.org/training-material/topics/statistics/tutorials/text-mining_simtext/workflows/main_workflow.html"
      },
      "conformsTo": {
        "@id": "https://w3id.org/ro/crate/1.1"
      }
    },
    {
      "@id": "https://training.galaxyproject.org/training-material/topics/statistics/tutorials/text-mining_simtext/workflows/main_workflow.html",
      "@type": "Dataset",
      "name": "Simtext training workflow",
      "description": "In this workflow the similarity among set of search queries (e.g. genes) is analyzed based on the associated vocabulary in PubMed. The last tool is an interactive tool that enables the inspection of the data.\n\n## Associated Tutorial\n\nThis workflows is part of the tutorial [Text-mining with the SimText toolset](https://training.galaxyproject.org/training-material/topics/statistics/tutorials/text-mining_simtext/tutorial.html), available in the [GTN](https://training.galaxyproject.org)\n\n\n\n\n\n## Thanks to...\n\n**Workflow Author(s)**: \n\n**Tutorial Author(s)**: [Marie Gramm](https://training.galaxyproject.org/training-material/hall-of-fame/mgramm1/), [Dennis Lal group](https://training.galaxyproject.org/training-material/hall-of-fame/dlalgroup/), [Daniel Blankenberg](https://training.galaxyproject.org/training-material/hall-of-fame/blankenberg/)\n\n[![gtn star logo followed by the word workflows](https://training.galaxyproject.org/training-material/assets/branding/gtn-workflows.png)](https://training.galaxyproject.org/training-material/)",
      "version": "1.0",
      "license": "https://spdx.org/licenses/CC-BY-4.0",
      "datePublished": "2024-12-18T15:47:32.930+00:00",
      "mainEntity": {
        "@id": "main-workflow.ga"
      },
      "hasPart": [
        {
          "@id": "main-workflow.ga"
        },
        {
          "@id": "graph.png"
        }
      ]
    },
    {
      "@id": "main-workflow.ga",
      "@type": [
        "File",
        "SoftwareSourceCode",
        "ComputationalWorkflow"
      ],
      "author": [
        {
          "@id": "#80d61a84-fb6b-48cd-9465-b20a1604d947"
        }
      ],
      "name": "Simtext training workflow",
      "programmingLanguage": {
        "@id": "https://w3id.org/workflowhub/workflow-ro-crate#galaxy"
      },
      "image": {
        "@id": "graph.png"
      }
    },
    {
      "@id": "graph.png",
      "@type": [
        "File",
        "ImageObject",
        "WorkflowSketch"
      ],
      "contentSize": 20970
    },
    {
      "@id": "https://w3id.org/workflowhub/workflow-ro-crate#galaxy",
      "@type": "ComputerLanguage",
      "identifier": {
        "@id": "https://galaxyproject.org/"
      },
      "name": "Galaxy",
      "url": {
        "@id": "https://galaxyproject.org/"
      },
      "version": "23.1"
    },
    {
      "@id": "#80d61a84-fb6b-48cd-9465-b20a1604d947",
      "@type": "Person",
      "name": ""
    }
  ]
}