{
  "@context": [
    "https://w3id.org/ro/crate/1.1/context"
  ],
  "@graph": [
    {
      "@id": "ro-crate-metadata.json",
      "@type": "CreativeWork",
      "about": {
        "@id": "https://training.galaxyproject.org/training-material/topics/introduction/tutorials/galaxy-intro-strands/workflows/Galaxy-Workflow-galaxy-intro-strands.html"
      },
      "conformsTo": {
        "@id": "https://w3id.org/ro/crate/1.1"
      }
    },
    {
      "@id": "https://training.galaxyproject.org/training-material/topics/introduction/tutorials/galaxy-intro-strands/workflows/Galaxy-Workflow-galaxy-intro-strands.html",
      "@type": "Dataset",
      "name": "Galaxy Intro Strands",
      "description": "Introduction to Genomics and Galaxy\n\n## Associated Tutorial\n\nThis workflows is part of the tutorial [Introduction to Genomics and Galaxy](https://training.galaxyproject.org/training-material/topics/introduction/tutorials/galaxy-intro-strands/tutorial.html), available in the [GTN](https://training.galaxyproject.org)\n\n\n\n\n\n## Thanks to...\n\n**Tutorial Author(s)**: [Dave Clements](https://training.galaxyproject.org/training-material/hall-of-fame/tnabtaf/), [Cristóbal Gallardo](https://training.galaxyproject.org/training-material/hall-of-fame/gallardoalba/)\n\n**Tutorial Contributor(s)**: [Helena Rasche](https://training.galaxyproject.org/training-material/hall-of-fame/hexylena/), [Saskia Hiltemann](https://training.galaxyproject.org/training-material/hall-of-fame/shiltemann/), [Yvan Le Bras](https://training.galaxyproject.org/training-material/hall-of-fame/yvanlebras/), [Sebastian Schaaf](https://training.galaxyproject.org/training-material/hall-of-fame/sebastian-schaaf/), [Nicola Soranzo](https://training.galaxyproject.org/training-material/hall-of-fame/nsoranzo/), [Björn Grüning](https://training.galaxyproject.org/training-material/hall-of-fame/bgruening/), [Gildas Le Corguillé](https://training.galaxyproject.org/training-material/hall-of-fame/lecorguille/), [Peter van Heusden](https://training.galaxyproject.org/training-material/hall-of-fame/pvanheus/), [Dave Clements](https://training.galaxyproject.org/training-material/hall-of-fame/tnabtaf/), [Cristóbal Gallardo](https://training.galaxyproject.org/training-material/hall-of-fame/gallardoalba/), [Bérénice Batut](https://training.galaxyproject.org/training-material/hall-of-fame/bebatut/), [Goodnews Sandy](https://training.galaxyproject.org/training-material/hall-of-fame/sandygudie/), [Niall Beard](https://training.galaxyproject.org/training-material/hall-of-fame/njall/), [Maria Doyle](https://training.galaxyproject.org/training-material/hall-of-fame/mblue9/)\n\n**Funder(s)**: [ELIXIR Europe](https://training.galaxyproject.org/training-material/hall-of-fame/elixir-europe/), [de.NBI](https://training.galaxyproject.org/training-material/hall-of-fame/deNBI/), [University of Freiburg](https://training.galaxyproject.org/training-material/hall-of-fame/uni-freiburg/)\n\n[![gtn star logo followed by the word workflows](https://training.galaxyproject.org/training-material/assets/branding/gtn-workflows.png)](https://training.galaxyproject.org/training-material/)",
      "version": "4.0",
      "license": "https://spdx.org/licenses/CC-BY-4.0",
      "datePublished": "2025-01-20T17:50:32.008+00:00",
      "mainEntity": {
        "@id": "galaxy-workflowlaxy-intro-strands.ga"
      },
      "hasPart": [
        {
          "@id": "galaxy-workflowlaxy-intro-strands.ga"
        },
        {
          "@id": "graph.png"
        }
      ]
    },
    {
      "@id": "galaxy-workflowlaxy-intro-strands.ga",
      "@type": [
        "File",
        "SoftwareSourceCode",
        "ComputationalWorkflow"
      ],
      "author": [

      ],
      "name": "Galaxy Intro Strands",
      "programmingLanguage": {
        "@id": "https://w3id.org/workflowhub/workflow-ro-crate#galaxy"
      },
      "image": {
        "@id": "graph.png"
      }
    },
    {
      "@id": "graph.png",
      "@type": [
        "File",
        "ImageObject",
        "WorkflowSketch"
      ],
      "contentSize": 27712
    },
    {
      "@id": "https://w3id.org/workflowhub/workflow-ro-crate#galaxy",
      "@type": "ComputerLanguage",
      "identifier": {
        "@id": "https://galaxyproject.org/"
      },
      "name": "Galaxy",
      "url": {
        "@id": "https://galaxyproject.org/"
      },
      "version": "23.1"
    }
  ]
}