{
  "@context": [
    "https://w3id.org/ro/crate/1.1/context"
  ],
  "@graph": [
    {
      "@id": "ro-crate-metadata.json",
      "@type": "CreativeWork",
      "about": {
        "@id": "https://training.galaxyproject.org/training-material/topics/single-cell/tutorials/scanpy_parameter_iterator/workflows/Scanpy-Parameter-Iterator-workflow-full.html"
      },
      "conformsTo": {
        "@id": "https://w3id.org/ro/crate/1.1"
      }
    },
    {
      "@id": "https://training.galaxyproject.org/training-material/topics/single-cell/tutorials/scanpy_parameter_iterator/workflows/Scanpy-Parameter-Iterator-workflow-full.html",
      "@type": "Dataset",
      "name": "Scanpy Parameter Iterator workflow full (imported from URL)",
      "description": "## Associated Tutorial\n\nThis workflows is part of the tutorial [Scanpy Parameter Iterator](https://training.galaxyproject.org/training-material/topics/single-cell/tutorials/scanpy_parameter_iterator/tutorial.html), available in the [GTN](https://training.galaxyproject.org)\n\n## Features\n\n* Includes [Galaxy Workflow Tests](https://training.galaxyproject.org/training-material/faqs/gtn/workflow_run_test.html)\n\n## Thanks to...\n\n**Workflow Author(s)**: Julia Jakiela\n\n**Tutorial Author(s)**: [Julia Jakiela](https://training.galaxyproject.org/training-material/hall-of-fame/wee-snufkin/)\n\n**Tutorial Contributor(s)**: [Wendi Bacon](https://training.galaxyproject.org/training-material/hall-of-fame/nomadscientist/), [Helena Rasche](https://training.galaxyproject.org/training-material/hall-of-fame/hexylena/), [Julia Jakiela](https://training.galaxyproject.org/training-material/hall-of-fame/wee-snufkin/), [Saskia Hiltemann](https://training.galaxyproject.org/training-material/hall-of-fame/shiltemann/), [Mehmet Tekman](https://training.galaxyproject.org/training-material/hall-of-fame/mtekman/), [Matthias Bernt](https://training.galaxyproject.org/training-material/hall-of-fame/bernt-matthias/)\n\n**Grants(s)**: [EOSC-Life](https://training.galaxyproject.org/training-material/hall-of-fame/eosc-life/)\n\n[![gtn star logo followed by the word workflows](https://training.galaxyproject.org/training-material/assets/branding/gtn-workflows.png)](https://training.galaxyproject.org/training-material/)",
      "version": "1.0",
      "license": "https://spdx.org/licenses/CC-BY-4.0",
      "datePublished": "2025-01-17T09:51:27.706+00:00",
      "mainEntity": {
        "@id": "scanpy-parameter-iterator-workflow-full.ga"
      },
      "hasPart": [
        {
          "@id": "scanpy-parameter-iterator-workflow-full.ga"
        },
        {
          "@id": "graph.png"
        }
      ]
    },
    {
      "@id": "scanpy-parameter-iterator-workflow-full.ga",
      "@type": [
        "File",
        "SoftwareSourceCode",
        "ComputationalWorkflow"
      ],
      "author": [
        {
          "@id": "https://orcid.org/0009-0001-2017-8805"
        }
      ],
      "name": "Scanpy Parameter Iterator workflow full (imported from URL)",
      "programmingLanguage": {
        "@id": "https://w3id.org/workflowhub/workflow-ro-crate#galaxy"
      },
      "image": {
        "@id": "graph.png"
      }
    },
    {
      "@id": "graph.png",
      "@type": [
        "File",
        "ImageObject",
        "WorkflowSketch"
      ],
      "contentSize": 203073
    },
    {
      "@id": "https://w3id.org/workflowhub/workflow-ro-crate#galaxy",
      "@type": "ComputerLanguage",
      "identifier": {
        "@id": "https://galaxyproject.org/"
      },
      "name": "Galaxy",
      "url": {
        "@id": "https://galaxyproject.org/"
      },
      "version": "23.1"
    },
    {
      "@id": "https://orcid.org/0009-0001-2017-8805",
      "@type": "Person",
      "name": "Julia Jakiela"
    }
  ]
}