{
  "@context": [
    "https://w3id.org/ro/crate/1.1/context"
  ],
  "@graph": [
    {
      "@id": "ro-crate-metadata.json",
      "@type": "CreativeWork",
      "about": {
        "@id": "https://training.galaxyproject.org/training-material/topics/ecology/tutorials/ndvi_openeo/workflows/NDVI-with-OpenEO.html"
      },
      "conformsTo": {
        "@id": "https://w3id.org/ro/crate/1.1"
      }
    },
    {
      "@id": "https://training.galaxyproject.org/training-material/topics/ecology/tutorials/ndvi_openeo/workflows/NDVI-with-OpenEO.html",
      "@type": "Dataset",
      "name": "NDVI with OpenEO",
      "description": "## Associated Tutorial\n\nThis workflows is part of the tutorial [From NDVI data with OpenEO to time series visualisation with Holoviews](https://training.galaxyproject.org/training-material/topics/ecology/tutorials/ndvi_openeo/tutorial.html), available in the [GTN](https://training.galaxyproject.org)\n\n## Features\n\n* Includes [Galaxy Workflow Tests](https://training.galaxyproject.org/training-material/faqs/gtn/workflow_run_test.html)\n\n## Thanks to...\n\n**Workflow Author(s)**: Marie Jossé\n\n**Tutorial Author(s)**: [Marie Josse](https://training.galaxyproject.org/training-material/hall-of-fame/Marie59/)\n\n**Tutorial Contributor(s)**: [Helena Rasche](https://training.galaxyproject.org/training-material/hall-of-fame/hexylena/), [Marie Josse](https://training.galaxyproject.org/training-material/hall-of-fame/Marie59/), [Björn Grüning](https://training.galaxyproject.org/training-material/hall-of-fame/bgruening/)\n\n**Grants(s)**: [Fair-Ease](https://training.galaxyproject.org/training-material/hall-of-fame/fairease/), [EuroScienceGateway](https://training.galaxyproject.org/training-material/hall-of-fame/eurosciencegateway/)\n\n[![gtn star logo followed by the word workflows](https://training.galaxyproject.org/training-material/assets/branding/gtn-workflows.png)](https://training.galaxyproject.org/training-material/)",
      "version": "1.0",
      "license": "https://spdx.org/licenses/CC-BY-4.0",
      "datePublished": "2025-01-16T10:15:46.980+00:00",
      "mainEntity": {
        "@id": "ndvi-with-openeo.ga"
      },
      "hasPart": [
        {
          "@id": "ndvi-with-openeo.ga"
        },
        {
          "@id": "graph.png"
        }
      ]
    },
    {
      "@id": "ndvi-with-openeo.ga",
      "@type": [
        "File",
        "SoftwareSourceCode",
        "ComputationalWorkflow"
      ],
      "author": [
        {
          "@id": "https://orcid.org/0009-0008-0622-604X"
        }
      ],
      "name": "NDVI with OpenEO",
      "programmingLanguage": {
        "@id": "https://w3id.org/workflowhub/workflow-ro-crate#galaxy"
      },
      "image": {
        "@id": "graph.png"
      }
    },
    {
      "@id": "graph.png",
      "@type": [
        "File",
        "ImageObject",
        "WorkflowSketch"
      ],
      "contentSize": 7937
    },
    {
      "@id": "https://w3id.org/workflowhub/workflow-ro-crate#galaxy",
      "@type": "ComputerLanguage",
      "identifier": {
        "@id": "https://galaxyproject.org/"
      },
      "name": "Galaxy",
      "url": {
        "@id": "https://galaxyproject.org/"
      },
      "version": "23.1"
    },
    {
      "@id": "https://orcid.org/0009-0008-0622-604X",
      "@type": "Person",
      "name": "Marie Jossé"
    }
  ]
}