{
  "@context": [
    "https://w3id.org/ro/crate/1.1/context"
  ],
  "@graph": [
    {
      "@id": "ro-crate-metadata.json",
      "@type": "CreativeWork",
      "about": {
        "@id": "https://training.galaxyproject.org/training-material/topics/epigenetics/tutorials/methylation-seq/workflows/methylation-seq.html"
      },
      "conformsTo": {
        "@id": "https://w3id.org/ro/crate/1.1"
      }
    },
    {
      "@id": "https://training.galaxyproject.org/training-material/topics/epigenetics/tutorials/methylation-seq/workflows/methylation-seq.html",
      "@type": "Dataset",
      "name": "Workflow Methylation Seq",
      "description": "DNA Methylation data analysis\n\n## Associated Tutorial\n\nThis workflows is part of the tutorial [DNA Methylation data analysis](https://training.galaxyproject.org/training-material/topics/epigenetics/tutorials/methylation-seq/tutorial.html), available in the [GTN](https://training.galaxyproject.org)\n\n## Features\n\n* Includes [Galaxy Workflow Tests](https://training.galaxyproject.org/training-material/faqs/gtn/workflow_run_test.html)\n\n## Thanks to...\n\n**Tutorial Author(s)**: [Joachim Wolff](https://training.galaxyproject.org/training-material/hall-of-fame/joachimwolff/), [Devon Ryan](https://training.galaxyproject.org/training-material/hall-of-fame/dpryan79/)\n\n[![gtn star logo followed by the word workflows](https://training.galaxyproject.org/training-material/assets/branding/gtn-workflows.png)](https://training.galaxyproject.org/training-material/)",
      "version": "3.0",
      "license": "https://spdx.org/licenses/CC-BY-4.0",
      "datePublished": "2025-01-22T11:36:20.299+00:00",
      "mainEntity": {
        "@id": "methylation-seq.ga"
      },
      "hasPart": [
        {
          "@id": "methylation-seq.ga"
        },
        {
          "@id": "graph.png"
        }
      ]
    },
    {
      "@id": "methylation-seq.ga",
      "@type": [
        "File",
        "SoftwareSourceCode",
        "ComputationalWorkflow"
      ],
      "author": [

      ],
      "name": "Workflow Methylation Seq",
      "programmingLanguage": {
        "@id": "https://w3id.org/workflowhub/workflow-ro-crate#galaxy"
      },
      "image": {
        "@id": "graph.png"
      }
    },
    {
      "@id": "graph.png",
      "@type": [
        "File",
        "ImageObject",
        "WorkflowSketch"
      ],
      "contentSize": 108544
    },
    {
      "@id": "https://w3id.org/workflowhub/workflow-ro-crate#galaxy",
      "@type": "ComputerLanguage",
      "identifier": {
        "@id": "https://galaxyproject.org/"
      },
      "name": "Galaxy",
      "url": {
        "@id": "https://galaxyproject.org/"
      },
      "version": "23.1"
    }
  ]
}