{
  "@context": [
    "https://w3id.org/ro/crate/1.1/context"
  ],
  "@graph": [
    {
      "@id": "ro-crate-metadata.json",
      "@type": "CreativeWork",
      "about": {
        "@id": "https://training.galaxyproject.org/training-material/topics/evolution/tutorials/abc_intro_phylo/workflows/tree-building.html"
      },
      "conformsTo": {
        "@id": "https://w3id.org/ro/crate/1.1"
      }
    },
    {
      "@id": "https://training.galaxyproject.org/training-material/topics/evolution/tutorials/abc_intro_phylo/workflows/tree-building.html",
      "@type": "Dataset",
      "name": "Tree Building (imported from uploaded file)",
      "description": "Tree building for \"Phylogenetics - Back to basics\"\n\n## Associated Tutorial\n\nThis workflows is part of the tutorial [Phylogenetics - Back to basics](https://training.galaxyproject.org/training-material/topics/evolution/tutorials/abc_intro_phylo/tutorial.html), available in the [GTN](https://training.galaxyproject.org)\n\n## Features\n\n* Includes [Galaxy Workflow Tests](https://training.galaxyproject.org/training-material/faqs/gtn/workflow_run_test.html)\n\n## Thanks to...\n\n**Workflow Author(s)**: Helena Rasche, Michael Charleston\n\n**Tutorial Author(s)**: [Michael Charleston](https://training.galaxyproject.org/training-material/hall-of-fame/mcharleston/)\n\n**Tutorial Contributor(s)**: [Adam Taranto](https://training.galaxyproject.org/training-material/hall-of-fame/adamtaranto/), [Melissa Burke](https://training.galaxyproject.org/training-material/hall-of-fame/burkemlou/), [Patrick Capon](https://training.galaxyproject.org/training-material/hall-of-fame/PatCapon39/)\n\n[![gtn star logo followed by the word workflows](https://training.galaxyproject.org/training-material/assets/branding/gtn-workflows.png)](https://training.galaxyproject.org/training-material/)",
      "version": "1.0",
      "license": "https://spdx.org/licenses/MIT",
      "datePublished": "2025-01-16T14:45:28.464+00:00",
      "mainEntity": {
        "@id": "tree-building.ga"
      },
      "hasPart": [
        {
          "@id": "tree-building.ga"
        },
        {
          "@id": "graph.png"
        }
      ]
    },
    {
      "@id": "tree-building.ga",
      "@type": [
        "File",
        "SoftwareSourceCode",
        "ComputationalWorkflow"
      ],
      "author": [
        {
          "@id": "https://orcid.org/0000-0001-9760-8992"
        },
        {
          "@id": "https://orcid.org/0000-0001-8385-341X"
        }
      ],
      "name": "Tree Building (imported from uploaded file)",
      "programmingLanguage": {
        "@id": "https://w3id.org/workflowhub/workflow-ro-crate#galaxy"
      },
      "image": {
        "@id": "graph.png"
      }
    },
    {
      "@id": "graph.png",
      "@type": [
        "File",
        "ImageObject",
        "WorkflowSketch"
      ],
      "contentSize": 30741
    },
    {
      "@id": "https://w3id.org/workflowhub/workflow-ro-crate#galaxy",
      "@type": "ComputerLanguage",
      "identifier": {
        "@id": "https://galaxyproject.org/"
      },
      "name": "Galaxy",
      "url": {
        "@id": "https://galaxyproject.org/"
      },
      "version": "23.1"
    },
    {
      "@id": "https://orcid.org/0000-0001-9760-8992",
      "@type": "Person",
      "name": "Helena Rasche"
    },
    {
      "@id": "https://orcid.org/0000-0001-8385-341X",
      "@type": "Person",
      "name": "Michael Charleston"
    }
  ]
}