{
  "@context": [
    "https://w3id.org/ro/crate/1.1/context"
  ],
  "@graph": [
    {
      "@id": "ro-crate-metadata.json",
      "@type": "CreativeWork",
      "about": {
        "@id": "https://training.galaxyproject.org/training-material/topics/assembly/tutorials/ERGA-post-assembly-QC/workflows/main_workflow.html"
      },
      "conformsTo": {
        "@id": "https://w3id.org/ro/crate/1.1"
      }
    },
    {
      "@id": "https://training.galaxyproject.org/training-material/topics/assembly/tutorials/ERGA-post-assembly-QC/workflows/main_workflow.html",
      "@type": "Dataset",
      "name": "Post-assembly workflow",
      "description": "ERGA post-assembly QC\n\n## Associated Tutorial\n\nThis workflows is part of the tutorial [ERGA post-assembly QC](https://training.galaxyproject.org/training-material/topics/assembly/tutorials/ERGA-post-assembly-QC/tutorial.html), available in the [GTN](https://training.galaxyproject.org)\n\n## Features\n\n* Includes [Galaxy Workflow Tests](https://training.galaxyproject.org/training-material/faqs/gtn/workflow_run_test.html)\n* Includes a [Galaxy Workflow Report](https://training.galaxyproject.org/training-material/faqs/galaxy/workflows_report_view.html)\n\n## Thanks to...\n\n**Workflow Author(s)**: Cristóbal Gallardo Alba\n\n**Tutorial Author(s)**: [Fabian Recktenwald](https://training.galaxyproject.org/training-material/hall-of-fame/GitFab93/), [Cristóbal Gallardo](https://training.galaxyproject.org/training-material/hall-of-fame/gallardoalba/), [Tom Brown](https://training.galaxyproject.org/training-material/hall-of-fame/tbrown91/), [Delphine Lariviere](https://training.galaxyproject.org/training-material/hall-of-fame/delphine-l/)\n\n[![gtn star logo followed by the word workflows](https://training.galaxyproject.org/training-material/assets/branding/gtn-workflows.png)](https://training.galaxyproject.org/training-material/)",
      "version": "2.0",
      "license": "https://spdx.org/licenses/AGPL-3.0-or-later",
      "datePublished": "2025-01-08T21:13:20.644+00:00",
      "mainEntity": {
        "@id": "main-workflow.ga"
      },
      "hasPart": [
        {
          "@id": "main-workflow.ga"
        },
        {
          "@id": "graph.png"
        }
      ]
    },
    {
      "@id": "main-workflow.ga",
      "@type": [
        "File",
        "SoftwareSourceCode",
        "ComputationalWorkflow"
      ],
      "author": [
        {
          "@id": "https://orcid.org/0000-0002-5752-2155"
        }
      ],
      "name": "Post-assembly workflow",
      "programmingLanguage": {
        "@id": "https://w3id.org/workflowhub/workflow-ro-crate#galaxy"
      },
      "image": {
        "@id": "graph.png"
      }
    },
    {
      "@id": "graph.png",
      "@type": [
        "File",
        "ImageObject",
        "WorkflowSketch"
      ],
      "contentSize": 273453
    },
    {
      "@id": "https://w3id.org/workflowhub/workflow-ro-crate#galaxy",
      "@type": "ComputerLanguage",
      "identifier": {
        "@id": "https://galaxyproject.org/"
      },
      "name": "Galaxy",
      "url": {
        "@id": "https://galaxyproject.org/"
      },
      "version": "23.1"
    },
    {
      "@id": "https://orcid.org/0000-0002-5752-2155",
      "@type": "Person",
      "name": "Cristóbal Gallardo Alba"
    }
  ]
}