{
  "@context": [
    "https://w3id.org/ro/crate/1.1/context"
  ],
  "@graph": [
    {
      "@id": "ro-crate-metadata.json",
      "@type": "CreativeWork",
      "about": {
        "@id": "https://training.galaxyproject.org/training-material/topics/statistics/tutorials/classification_machinelearning/workflows/ml_classification.html"
      },
      "conformsTo": {
        "@id": "https://w3id.org/ro/crate/1.1"
      }
    },
    {
      "@id": "https://training.galaxyproject.org/training-material/topics/statistics/tutorials/classification_machinelearning/workflows/ml_classification.html",
      "@type": "Dataset",
      "name": "ml_classification",
      "description": "Classification in Machine Learning\n\n## Associated Tutorial\n\nThis workflows is part of the tutorial [Classification in Machine Learning](https://training.galaxyproject.org/training-material/topics/statistics/tutorials/classification_machinelearning/tutorial.html), available in the [GTN](https://training.galaxyproject.org)\n\n## Features\n\n* Includes [Galaxy Workflow Tests](https://training.galaxyproject.org/training-material/faqs/gtn/workflow_run_test.html)\n* Includes a [Galaxy Workflow Report](https://training.galaxyproject.org/training-material/faqs/galaxy/workflows_report_view.html)\n\n## Thanks to...\n\n**Workflow Author(s)**: Anup Kumar\n\n**Tutorial Author(s)**: [Alireza Khanteymoori](https://training.galaxyproject.org/training-material/hall-of-fame/khanteymoori/), [Anup Kumar](https://training.galaxyproject.org/training-material/hall-of-fame/anuprulez/), [Simon Bray](https://training.galaxyproject.org/training-material/hall-of-fame/simonbray/)\n\n[![gtn star logo followed by the word workflows](https://training.galaxyproject.org/training-material/assets/branding/gtn-workflows.png)](https://training.galaxyproject.org/training-material/)",
      "version": "3.0",
      "license": "https://spdx.org/licenses/MIT",
      "datePublished": "2025-01-24T00:06:32.430+00:00",
      "mainEntity": {
        "@id": "ml-classification.ga"
      },
      "hasPart": [
        {
          "@id": "ml-classification.ga"
        },
        {
          "@id": "graph.png"
        }
      ]
    },
    {
      "@id": "ml-classification.ga",
      "@type": [
        "File",
        "SoftwareSourceCode",
        "ComputationalWorkflow"
      ],
      "author": [
        {
          "@id": "https://orcid.org/0000-0002-2068-4695"
        }
      ],
      "name": "ml_classification",
      "programmingLanguage": {
        "@id": "https://w3id.org/workflowhub/workflow-ro-crate#galaxy"
      },
      "image": {
        "@id": "graph.png"
      }
    },
    {
      "@id": "graph.png",
      "@type": [
        "File",
        "ImageObject",
        "WorkflowSketch"
      ],
      "contentSize": 218668
    },
    {
      "@id": "https://w3id.org/workflowhub/workflow-ro-crate#galaxy",
      "@type": "ComputerLanguage",
      "identifier": {
        "@id": "https://galaxyproject.org/"
      },
      "name": "Galaxy",
      "url": {
        "@id": "https://galaxyproject.org/"
      },
      "version": "23.1"
    },
    {
      "@id": "https://orcid.org/0000-0002-2068-4695",
      "@type": "Organization",
      "name": "Anup Kumar"
    }
  ]
}