{
  "@context": [
    "https://w3id.org/ro/crate/1.1/context"
  ],
  "@graph": [
    {
      "@id": "ro-crate-metadata.json",
      "@type": "CreativeWork",
      "about": {
        "@id": "https://training.galaxyproject.org/training-material/topics/ecology/tutorials/Obitools-metabarcoding/workflows/main_workflow.html"
      },
      "conformsTo": {
        "@id": "https://w3id.org/ro/crate/1.1"
      }
    },
    {
      "@id": "https://training.galaxyproject.org/training-material/topics/ecology/tutorials/Obitools-metabarcoding/workflows/main_workflow.html",
      "@type": "Dataset",
      "name": "Workflow constructed from history 'Tuto Obitools'",
      "description": "Metabarcoding/eDNA through Obitools\n\n## Associated Tutorial\n\nThis workflows is part of the tutorial [Metabarcoding/eDNA through Obitools](https://training.galaxyproject.org/training-material/topics/ecology/tutorials/Obitools-metabarcoding/tutorial.html), available in the [GTN](https://training.galaxyproject.org)\n\n\n\n\n\n## Thanks to...\n\n**Tutorial Author(s)**: [Coline Royaux](https://training.galaxyproject.org/training-material/hall-of-fame/colineroyaux/), [Olivier Norvez](https://training.galaxyproject.org/training-material/hall-of-fame/onorvez/), [Eric Coissac](https://training.galaxyproject.org/training-material/hall-of-fame/ecoissac/), [Frédéric Boyer](https://training.galaxyproject.org/training-material/hall-of-fame/fboyer/), [Yvan Le Bras](https://training.galaxyproject.org/training-material/hall-of-fame/yvanlebras/)\n\n**Tutorial Contributor(s)**: [Helena Rasche](https://training.galaxyproject.org/training-material/hall-of-fame/hexylena/), [Anne Fouilloux](https://training.galaxyproject.org/training-material/hall-of-fame/annefou/), [Yvan Le Bras](https://training.galaxyproject.org/training-material/hall-of-fame/yvanlebras/), [Cristóbal Gallardo](https://training.galaxyproject.org/training-material/hall-of-fame/gallardoalba/), [Saskia Hiltemann](https://training.galaxyproject.org/training-material/hall-of-fame/shiltemann/)\n\n**Funder(s)**: [Pôle National de Données de Biodiversité](https://training.galaxyproject.org/training-material/hall-of-fame/pndb/)\n\n**Grants(s)**: [Gallantries: Bridging Training Communities in Life Science, Environment and Health](https://training.galaxyproject.org/training-material/hall-of-fame/gallantries/)\n\n[![gtn star logo followed by the word workflows](https://training.galaxyproject.org/training-material/assets/branding/gtn-workflows.png)](https://training.galaxyproject.org/training-material/)",
      "version": "1.0",
      "license": "https://spdx.org/licenses/CC-BY-4.0",
      "datePublished": "2024-12-23T09:37:43.174+00:00",
      "mainEntity": {
        "@id": "main-workflow.ga"
      },
      "hasPart": [
        {
          "@id": "main-workflow.ga"
        },
        {
          "@id": "graph.png"
        }
      ]
    },
    {
      "@id": "main-workflow.ga",
      "@type": [
        "File",
        "SoftwareSourceCode",
        "ComputationalWorkflow"
      ],
      "author": [

      ],
      "name": "Workflow constructed from history 'Tuto Obitools'",
      "programmingLanguage": {
        "@id": "https://w3id.org/workflowhub/workflow-ro-crate#galaxy"
      },
      "image": {
        "@id": "graph.png"
      }
    },
    {
      "@id": "graph.png",
      "@type": [
        "File",
        "ImageObject",
        "WorkflowSketch"
      ],
      "contentSize": 126796
    },
    {
      "@id": "https://w3id.org/workflowhub/workflow-ro-crate#galaxy",
      "@type": "ComputerLanguage",
      "identifier": {
        "@id": "https://galaxyproject.org/"
      },
      "name": "Galaxy",
      "url": {
        "@id": "https://galaxyproject.org/"
      },
      "version": "23.1"
    }
  ]
}