{
  "@context": [
    "https://w3id.org/ro/crate/1.1/context"
  ],
  "@graph": [
    {
      "@id": "ro-crate-metadata.json",
      "@type": "CreativeWork",
      "about": {
        "@id": "https://training.galaxyproject.org/training-material/topics/statistics/tutorials/loris_model/workflows/main_workflow.html"
      },
      "conformsTo": {
        "@id": "https://w3id.org/ro/crate/1.1"
      }
    },
    {
      "@id": "https://training.galaxyproject.org/training-material/topics/statistics/tutorials/loris_model/workflows/main_workflow.html",
      "@type": "Dataset",
      "name": "Ludwig - Image recognition model - MNIST",
      "description": "Generates LORIS LLR6 model \n\n## Associated Tutorial\n\nThis workflows is part of the tutorial [Building the LORIS LLR6 PanCancer Model Using PyCaret](https://training.galaxyproject.org/training-material/topics/statistics/tutorials/loris_model/tutorial.html), available in the [GTN](https://training.galaxyproject.org)\n\n## Features\n\n* Includes [Galaxy Workflow Tests](https://training.galaxyproject.org/training-material/faqs/gtn/workflow_run_test.html)\n\n## Thanks to...\n\n**Workflow Author(s)**: Paulo Cilas Morais Lyra Junior, Junhao Qiu, Jeremy Goecks\n\n**Tutorial Author(s)**: [Paulo Cilas Morais Lyra Junior](https://training.galaxyproject.org/training-material/hall-of-fame/paulocilasjr/), [Junhao Qiu](https://training.galaxyproject.org/training-material/hall-of-fame/qchiujunhao/), [Jeremy Goecks](https://training.galaxyproject.org/training-material/hall-of-fame/jgoecks/)\n\n[![gtn star logo followed by the word workflows](https://training.galaxyproject.org/training-material/assets/branding/gtn-workflows.png)](https://training.galaxyproject.org/training-material/)",
      "version": "1.0",
      "license": "https://spdx.org/licenses/AGPL-3.0-or-later",
      "datePublished": "2024-12-17T09:08:26.569+00:00",
      "mainEntity": {
        "@id": "main-workflow.ga"
      },
      "hasPart": [
        {
          "@id": "main-workflow.ga"
        },
        {
          "@id": "graph.png"
        }
      ]
    },
    {
      "@id": "main-workflow.ga",
      "@type": [
        "File",
        "SoftwareSourceCode",
        "ComputationalWorkflow"
      ],
      "author": [
        {
          "@id": "https://orcid.org/0000-0002-4403-6684"
        },
        {
          "@id": "https://orcid.org/0009-0005-4322-3401"
        },
        {
          "@id": "https://orcid.org/0000-0002-4583-5226"
        }
      ],
      "name": "Ludwig - Image recognition model - MNIST",
      "programmingLanguage": {
        "@id": "https://w3id.org/workflowhub/workflow-ro-crate#galaxy"
      },
      "image": {
        "@id": "graph.png"
      }
    },
    {
      "@id": "graph.png",
      "@type": [
        "File",
        "ImageObject",
        "WorkflowSketch"
      ],
      "contentSize": 31155
    },
    {
      "@id": "https://w3id.org/workflowhub/workflow-ro-crate#galaxy",
      "@type": "ComputerLanguage",
      "identifier": {
        "@id": "https://galaxyproject.org/"
      },
      "name": "Galaxy",
      "url": {
        "@id": "https://galaxyproject.org/"
      },
      "version": "23.1"
    },
    {
      "@id": "https://orcid.org/0000-0002-4403-6684",
      "@type": "Person",
      "name": "Paulo Cilas Morais Lyra Junior"
    },
    {
      "@id": "https://orcid.org/0009-0005-4322-3401",
      "@type": "Person",
      "name": "Junhao Qiu"
    },
    {
      "@id": "https://orcid.org/0000-0002-4583-5226",
      "@type": "Person",
      "name": "Jeremy Goecks"
    }
  ]
}