{
  "@context": [
    "https://w3id.org/ro/crate/1.1/context"
  ],
  "@graph": [
    {
      "@id": "ro-crate-metadata.json",
      "@type": "CreativeWork",
      "about": {
        "@id": "https://training.galaxyproject.org/training-material/topics/ecology/tutorials/Ecoregionalization_tutorial/workflows/Ecoregionalization_workflow.html"
      },
      "conformsTo": {
        "@id": "https://w3id.org/ro/crate/1.1"
      }
    },
    {
      "@id": "https://training.galaxyproject.org/training-material/topics/ecology/tutorials/Ecoregionalization_tutorial/workflows/Ecoregionalization_workflow.html",
      "@type": "Dataset",
      "name": "Ecoregionalization workflow",
      "description": "## Associated Tutorial\n\nThis workflows is part of the tutorial [Ecoregionalization workflow tutorial](https://training.galaxyproject.org/training-material/topics/ecology/tutorials/Ecoregionalization_tutorial/tutorial.html), available in the [GTN](https://training.galaxyproject.org)\n\n## Features\n\n* Includes [Galaxy Workflow Tests](https://training.galaxyproject.org/training-material/faqs/gtn/workflow_run_test.html)\n* Uses [Galaxy Workflow Comments](https://training.galaxyproject.org/training-material/faqs/galaxy/workflows_comments.html)\n\n## Thanks to...\n\n**Workflow Author(s)**: Seguineau Pauline\n\n**Tutorial Author(s)**: [Pauline Seguineau](https://training.galaxyproject.org/training-material/hall-of-fame/PaulineSGN/)\n\n**Tutorial Contributor(s)**: [Yvan Le Bras](https://training.galaxyproject.org/training-material/hall-of-fame/yvanlebras/), [Marie Josse](https://training.galaxyproject.org/training-material/hall-of-fame/Marie59/), [Ankerl Yassine](https://training.galaxyproject.org/training-material/hall-of-fame/Rassine/), [Coline Royaux](https://training.galaxyproject.org/training-material/hall-of-fame/colineroyaux/), [Helena Rasche](https://training.galaxyproject.org/training-material/hall-of-fame/hexylena/), [Saskia Hiltemann](https://training.galaxyproject.org/training-material/hall-of-fame/shiltemann/)\n\n[![gtn star logo followed by the word workflows](https://training.galaxyproject.org/training-material/assets/branding/gtn-workflows.png)](https://training.galaxyproject.org/training-material/)",
      "version": "1.0",
      "license": "https://spdx.org/licenses/MIT",
      "datePublished": "2024-12-18T00:06:50.080+00:00",
      "mainEntity": {
        "@id": "ecoregionalization-workflow.ga"
      },
      "hasPart": [
        {
          "@id": "ecoregionalization-workflow.ga"
        },
        {
          "@id": "graph.png"
        }
      ]
    },
    {
      "@id": "ecoregionalization-workflow.ga",
      "@type": [
        "File",
        "SoftwareSourceCode",
        "ComputationalWorkflow"
      ],
      "author": [
        {
          "@id": "https://orcid.org/0009-0009-5969-8478"
        }
      ],
      "name": "Ecoregionalization workflow",
      "programmingLanguage": {
        "@id": "https://w3id.org/workflowhub/workflow-ro-crate#galaxy"
      },
      "image": {
        "@id": "graph.png"
      }
    },
    {
      "@id": "graph.png",
      "@type": [
        "File",
        "ImageObject",
        "WorkflowSketch"
      ],
      "contentSize": 244816
    },
    {
      "@id": "https://w3id.org/workflowhub/workflow-ro-crate#galaxy",
      "@type": "ComputerLanguage",
      "identifier": {
        "@id": "https://galaxyproject.org/"
      },
      "name": "Galaxy",
      "url": {
        "@id": "https://galaxyproject.org/"
      },
      "version": "23.1"
    },
    {
      "@id": "https://orcid.org/0009-0009-5969-8478",
      "@type": "Person",
      "name": "Seguineau Pauline"
    }
  ]
}