{
  "@context": [
    "https://w3id.org/ro/crate/1.1/context"
  ],
  "@graph": [
    {
      "@id": "ro-crate-metadata.json",
      "@type": "CreativeWork",
      "about": {
        "@id": "https://training.galaxyproject.org/training-material/topics/epigenetics/tutorials/ewas-suite/workflows/Infinium-Human-Methylation-BeadChip.html"
      },
      "conformsTo": {
        "@id": "https://w3id.org/ro/crate/1.1"
      }
    },
    {
      "@id": "https://training.galaxyproject.org/training-material/topics/epigenetics/tutorials/ewas-suite/workflows/Infinium-Human-Methylation-BeadChip.html",
      "@type": "Dataset",
      "name": "Infinium Human Methylation BeadChip",
      "description": "The workflow containes the step to perpare the data for and run Galaxy Infinium Human Methylation BeadChip tool that represents many popular algorithms for detecting somatic genetic alterations from genome and exome data\n\n## Associated Tutorial\n\nThis workflows is part of the tutorial [Infinium Human Methylation BeadChip](https://training.galaxyproject.org/training-material/topics/epigenetics/tutorials/ewas-suite/tutorial.html), available in the [GTN](https://training.galaxyproject.org)\n\n## Features\n\n* Includes [Galaxy Workflow Tests](https://training.galaxyproject.org/training-material/faqs/gtn/workflow_run_test.html)\n\n## Thanks to...\n\n**Workflow Author(s)**: Katarzyna Kamieniecka, Khaled Jum'ah, poterlowicz-lab\n\n**Tutorial Author(s)**: [Katarzyna Kamieniecka](https://training.galaxyproject.org/training-material/hall-of-fame/kkamieniecka/), [Khaled Jum'ah](https://training.galaxyproject.org/training-material/hall-of-fame/khaled196/), [Krzysztof Poterlowicz](https://training.galaxyproject.org/training-material/hall-of-fame/poterlowicz-lab/)\n\n**Tutorial Contributor(s)**: [Björn Grüning](https://training.galaxyproject.org/training-material/hall-of-fame/bgruening/), [Helena Rasche](https://training.galaxyproject.org/training-material/hall-of-fame/hexylena/), [Saskia Hiltemann](https://training.galaxyproject.org/training-material/hall-of-fame/shiltemann/), [Katarzyna Kamieniecka](https://training.galaxyproject.org/training-material/hall-of-fame/kkamieniecka/), [Khaled Jum'ah](https://training.galaxyproject.org/training-material/hall-of-fame/khaled196/), [Krzysztof Poterlowicz](https://training.galaxyproject.org/training-material/hall-of-fame/poterlowicz-lab/), [Nicola Soranzo](https://training.galaxyproject.org/training-material/hall-of-fame/nsoranzo/), [kpbioteam](https://training.galaxyproject.org/training-material/hall-of-fame/kpbioteam/), [Mélanie Petera](https://training.galaxyproject.org/training-material/hall-of-fame/melpetera/), [Bérénice Batut](https://training.galaxyproject.org/training-material/hall-of-fame/bebatut/)\n\n**Funder(s)**: [ELIXIR Europe](https://training.galaxyproject.org/training-material/hall-of-fame/elixir-europe/)\n\n[![gtn star logo followed by the word workflows](https://training.galaxyproject.org/training-material/assets/branding/gtn-workflows.png)](https://training.galaxyproject.org/training-material/)",
      "version": "1.0",
      "license": "https://spdx.org/licenses/AGPL-3.0-or-later",
      "datePublished": "2025-01-20T09:34:59.954+00:00",
      "mainEntity": {
        "@id": "infinium-human-methylation-beadchip.ga"
      },
      "hasPart": [
        {
          "@id": "infinium-human-methylation-beadchip.ga"
        },
        {
          "@id": "graph.png"
        }
      ]
    },
    {
      "@id": "infinium-human-methylation-beadchip.ga",
      "@type": [
        "File",
        "SoftwareSourceCode",
        "ComputationalWorkflow"
      ],
      "author": [
        {
          "@id": "https://orcid.org/0009-0004-2454-5950"
        },
        {
          "@id": "https://orcid.org/0000-0001-5481-8893"
        },
        {
          "@id": "#3cc697cb-6773-44b0-a765-a95a4e99f245"
        }
      ],
      "name": "Infinium Human Methylation BeadChip",
      "programmingLanguage": {
        "@id": "https://w3id.org/workflowhub/workflow-ro-crate#galaxy"
      },
      "image": {
        "@id": "graph.png"
      }
    },
    {
      "@id": "graph.png",
      "@type": [
        "File",
        "ImageObject",
        "WorkflowSketch"
      ],
      "contentSize": 180586
    },
    {
      "@id": "https://w3id.org/workflowhub/workflow-ro-crate#galaxy",
      "@type": "ComputerLanguage",
      "identifier": {
        "@id": "https://galaxyproject.org/"
      },
      "name": "Galaxy",
      "url": {
        "@id": "https://galaxyproject.org/"
      },
      "version": "23.1"
    },
    {
      "@id": "https://orcid.org/0009-0004-2454-5950",
      "@type": "Person",
      "name": "Katarzyna Kamieniecka"
    },
    {
      "@id": "https://orcid.org/0000-0001-5481-8893",
      "@type": "Person",
      "name": "Khaled Jum'ah"
    },
    {
      "@id": "#3cc697cb-6773-44b0-a765-a95a4e99f245",
      "@type": "Organization",
      "name": "poterlowicz-lab"
    }
  ]
}