{
  "@context": [
    "https://w3id.org/ro/crate/1.1/context"
  ],
  "@graph": [
    {
      "@id": "ro-crate-metadata.json",
      "@type": "CreativeWork",
      "about": {
        "@id": "https://training.galaxyproject.org/training-material/topics/single-cell/tutorials/scatac-preprocessing-tenx/workflows/scATAC-seq-Count-Matrix-Filtering.html"
      },
      "conformsTo": {
        "@id": "https://w3id.org/ro/crate/1.1"
      }
    },
    {
      "@id": "https://training.galaxyproject.org/training-material/topics/single-cell/tutorials/scatac-preprocessing-tenx/workflows/scATAC-seq-Count-Matrix-Filtering.html",
      "@type": "Dataset",
      "name": "scATAC-seq Count Matrix Filtering",
      "description": "## Associated Tutorial\n\nThis workflows is part of the tutorial [Pre-processing of 10X Single-Cell ATAC-seq Datasets](https://training.galaxyproject.org/training-material/topics/single-cell/tutorials/scatac-preprocessing-tenx/tutorial.html), available in the [GTN](https://training.galaxyproject.org)\n\n## Features\n\n* Includes [Galaxy Workflow Tests](https://training.galaxyproject.org/training-material/faqs/gtn/workflow_run_test.html)\n\n## Thanks to...\n\n**Workflow Author(s)**: Pavankumar Videm\n\n**Tutorial Author(s)**: [Pavankumar Videm](https://training.galaxyproject.org/training-material/hall-of-fame/pavanvidem/)\n\n[![gtn star logo followed by the word workflows](https://training.galaxyproject.org/training-material/assets/branding/gtn-workflows.png)](https://training.galaxyproject.org/training-material/)",
      "version": "1.0",
      "license": "https://spdx.org/licenses/CC-BY-4.0",
      "datePublished": "2025-01-21T06:41:22.409+00:00",
      "mainEntity": {
        "@id": "scatac-seq-count-matrix-filtering.ga"
      },
      "hasPart": [
        {
          "@id": "scatac-seq-count-matrix-filtering.ga"
        },
        {
          "@id": "graph.png"
        }
      ]
    },
    {
      "@id": "scatac-seq-count-matrix-filtering.ga",
      "@type": [
        "File",
        "SoftwareSourceCode",
        "ComputationalWorkflow"
      ],
      "author": [
        {
          "@id": "https://orcid.org/0000-0002-5192-126X"
        }
      ],
      "name": "scATAC-seq Count Matrix Filtering",
      "programmingLanguage": {
        "@id": "https://w3id.org/workflowhub/workflow-ro-crate#galaxy"
      },
      "image": {
        "@id": "graph.png"
      }
    },
    {
      "@id": "graph.png",
      "@type": [
        "File",
        "ImageObject",
        "WorkflowSketch"
      ],
      "contentSize": 80367
    },
    {
      "@id": "https://w3id.org/workflowhub/workflow-ro-crate#galaxy",
      "@type": "ComputerLanguage",
      "identifier": {
        "@id": "https://galaxyproject.org/"
      },
      "name": "Galaxy",
      "url": {
        "@id": "https://galaxyproject.org/"
      },
      "version": "23.1"
    },
    {
      "@id": "https://orcid.org/0000-0002-5192-126X",
      "@type": "Person",
      "name": "Pavankumar Videm"
    }
  ]
}