{
  "@context": [
    "https://w3id.org/ro/crate/1.1/context"
  ],
  "@graph": [
    {
      "@id": "ro-crate-metadata.json",
      "@type": "CreativeWork",
      "about": {
        "@id": "https://training.galaxyproject.org/training-material/topics/sequence-analysis/tutorials/quality-contamination-control/workflows/Quality_and_contamination_control_in_bacterial_isolate_using_Illumina_MiSeq_Data.html"
      },
      "conformsTo": {
        "@id": "https://w3id.org/ro/crate/1.1"
      }
    },
    {
      "@id": "https://training.galaxyproject.org/training-material/topics/sequence-analysis/tutorials/quality-contamination-control/workflows/Quality_and_contamination_control_in_bacterial_isolate_using_Illumina_MiSeq_Data.html",
      "@type": "Dataset",
      "name": "Quality and contamination control in bacterial isolate using Illumina MiSeq Data",
      "description": "Quality and contamination control in bacterial isolate using Illumina MiSeq Data\n\n## Associated Tutorial\n\nThis workflows is part of the tutorial [Quality and contamination control in bacterial isolate using Illumina MiSeq Data](https://training.galaxyproject.org/training-material/topics/sequence-analysis/tutorials/quality-contamination-control/tutorial.html), available in the [GTN](https://training.galaxyproject.org)\n\n## Features\n\n* Includes [Galaxy Workflow Tests](https://training.galaxyproject.org/training-material/faqs/gtn/workflow_run_test.html)\n\n## Thanks to...\n\n**Workflow Author(s)**: Bérénice Batut, Clea Siguret\n\n**Tutorial Author(s)**: [Bérénice Batut](https://training.galaxyproject.org/training-material/hall-of-fame/bebatut/), [Clea Siguret](https://training.galaxyproject.org/training-material/hall-of-fame/clsiguret/)\n\n**Tutorial Contributor(s)**: [Björn Grüning](https://training.galaxyproject.org/training-material/hall-of-fame/bgruening/), [Saskia Hiltemann](https://training.galaxyproject.org/training-material/hall-of-fame/shiltemann/), [Teresa Müller](https://training.galaxyproject.org/training-material/hall-of-fame/teresa-m/), [Bérénice Batut](https://training.galaxyproject.org/training-material/hall-of-fame/bebatut/), [Clea Siguret](https://training.galaxyproject.org/training-material/hall-of-fame/clsiguret/)\n\n**Funder(s)**: [ABRomics](https://training.galaxyproject.org/training-material/hall-of-fame/abromics/)\n\n[![gtn star logo followed by the word workflows](https://training.galaxyproject.org/training-material/assets/branding/gtn-workflows.png)](https://training.galaxyproject.org/training-material/)",
      "version": "1.0",
      "license": "https://spdx.org/licenses/GPL-3.0-or-later",
      "datePublished": "2024-12-19T13:27:06.618+00:00",
      "mainEntity": {
        "@id": "quality-and-contamination-control-in-bacterial-isolate-using-illumina-miseq-data.ga"
      },
      "hasPart": [
        {
          "@id": "quality-and-contamination-control-in-bacterial-isolate-using-illumina-miseq-data.ga"
        },
        {
          "@id": "graph.png"
        }
      ]
    },
    {
      "@id": "quality-and-contamination-control-in-bacterial-isolate-using-illumina-miseq-data.ga",
      "@type": [
        "File",
        "SoftwareSourceCode",
        "ComputationalWorkflow"
      ],
      "author": [
        {
          "@id": "https://orcid.org/0000-0001-9852-1987"
        },
        {
          "@id": "https://orcid.org/0009-0005-6140-0379"
        }
      ],
      "name": "Quality and contamination control in bacterial isolate using Illumina MiSeq Data",
      "programmingLanguage": {
        "@id": "https://w3id.org/workflowhub/workflow-ro-crate#galaxy"
      },
      "image": {
        "@id": "graph.png"
      }
    },
    {
      "@id": "graph.png",
      "@type": [
        "File",
        "ImageObject",
        "WorkflowSketch"
      ],
      "contentSize": 123468
    },
    {
      "@id": "https://w3id.org/workflowhub/workflow-ro-crate#galaxy",
      "@type": "ComputerLanguage",
      "identifier": {
        "@id": "https://galaxyproject.org/"
      },
      "name": "Galaxy",
      "url": {
        "@id": "https://galaxyproject.org/"
      },
      "version": "23.1"
    },
    {
      "@id": "https://orcid.org/0000-0001-9852-1987",
      "@type": "Person",
      "name": "Bérénice Batut"
    },
    {
      "@id": "https://orcid.org/0009-0005-6140-0379",
      "@type": "Person",
      "name": "Clea Siguret"
    }
  ]
}