{
  "@context": [
    "https://w3id.org/ro/crate/1.1/context"
  ],
  "@graph": [
    {
      "@id": "ro-crate-metadata.json",
      "@type": "CreativeWork",
      "about": {
        "@id": "https://training.galaxyproject.org/training-material/topics/climate/tutorials/ocean-variables/workflows/main_workflow.html"
      },
      "conformsTo": {
        "@id": "https://w3id.org/ro/crate/1.1"
      }
    },
    {
      "@id": "https://training.galaxyproject.org/training-material/topics/climate/tutorials/ocean-variables/workflows/main_workflow.html",
      "@type": "Dataset",
      "name": "Ocean's variables 2.0",
      "description": "Subset data on the Mediterreanean see and extract and visualise the Phosphate variable\n\n## Associated Tutorial\n\nThis workflows is part of the tutorial [Ocean's variables study](https://training.galaxyproject.org/training-material/topics/climate/tutorials/ocean-variables/tutorial.html), available in the [GTN](https://training.galaxyproject.org)\n\n## Features\n\n* Includes [Galaxy Workflow Tests](https://training.galaxyproject.org/training-material/faqs/gtn/workflow_run_test.html)\n* Includes a [Galaxy Workflow Report](https://training.galaxyproject.org/training-material/faqs/galaxy/workflows_report_view.html)\n* Uses [Galaxy Workflow Comments](https://training.galaxyproject.org/training-material/faqs/galaxy/workflows_comments.html)\n\n## Thanks to...\n\n**Workflow Author(s)**: Marie Jossé\n\n**Tutorial Author(s)**: [Marie Josse](https://training.galaxyproject.org/training-material/hall-of-fame/Marie59/)\n\n**Tutorial Contributor(s)**: [Saskia Hiltemann](https://training.galaxyproject.org/training-material/hall-of-fame/shiltemann/), [Helena Rasche](https://training.galaxyproject.org/training-material/hall-of-fame/hexylena/), [Björn Grüning](https://training.galaxyproject.org/training-material/hall-of-fame/bgruening/), [Marie Josse](https://training.galaxyproject.org/training-material/hall-of-fame/Marie59/)\n\n**Grants(s)**: [Fair-Ease](https://training.galaxyproject.org/training-material/hall-of-fame/fairease/), [EuroScienceGateway](https://training.galaxyproject.org/training-material/hall-of-fame/eurosciencegateway/)\n\n[![gtn star logo followed by the word workflows](https://training.galaxyproject.org/training-material/assets/branding/gtn-workflows.png)](https://training.galaxyproject.org/training-material/)",
      "version": "2.0",
      "license": "https://spdx.org/licenses/CC-BY-4.0",
      "datePublished": "2025-01-21T00:06:26.970+00:00",
      "mainEntity": {
        "@id": "main-workflow.ga"
      },
      "hasPart": [
        {
          "@id": "main-workflow.ga"
        },
        {
          "@id": "graph.png"
        }
      ]
    },
    {
      "@id": "main-workflow.ga",
      "@type": [
        "File",
        "SoftwareSourceCode",
        "ComputationalWorkflow"
      ],
      "author": [
        {
          "@id": "https://orcid.org/0009-0008-0622-604X"
        }
      ],
      "name": "Ocean's variables 2.0",
      "programmingLanguage": {
        "@id": "https://w3id.org/workflowhub/workflow-ro-crate#galaxy"
      },
      "image": {
        "@id": "graph.png"
      }
    },
    {
      "@id": "graph.png",
      "@type": [
        "File",
        "ImageObject",
        "WorkflowSketch"
      ],
      "contentSize": 82196
    },
    {
      "@id": "https://w3id.org/workflowhub/workflow-ro-crate#galaxy",
      "@type": "ComputerLanguage",
      "identifier": {
        "@id": "https://galaxyproject.org/"
      },
      "name": "Galaxy",
      "url": {
        "@id": "https://galaxyproject.org/"
      },
      "version": "23.1"
    },
    {
      "@id": "https://orcid.org/0009-0008-0622-604X",
      "@type": "Person",
      "name": "Marie Jossé"
    }
  ]
}