{
  "@context": [
    "https://w3id.org/ro/crate/1.1/context"
  ],
  "@graph": [
    {
      "@id": "ro-crate-metadata.json",
      "@type": "CreativeWork",
      "about": {
        "@id": "https://training.galaxyproject.org/training-material/topics/climate/tutorials/fates/workflows/CLM-FATES_ALP1_simulation_5years.html"
      },
      "conformsTo": {
        "@id": "https://w3id.org/ro/crate/1.1"
      }
    },
    {
      "@id": "https://training.galaxyproject.org/training-material/topics/climate/tutorials/fates/workflows/CLM-FATES_ALP1_simulation_5years.html",
      "@type": "Dataset",
      "name": "CLM-FATES_ ALP1 simulation (5 years)",
      "description": "Functionally Assembled Terrestrial Ecosystem Simulator (FATES)\n\n## Associated Tutorial\n\nThis workflows is part of the tutorial [Functionally Assembled Terrestrial Ecosystem Simulator (FATES)](https://training.galaxyproject.org/training-material/topics/climate/tutorials/fates/tutorial.html), available in the [GTN](https://training.galaxyproject.org)\n\n\n\n\n\n## Thanks to...\n\n**Workflow Author(s)**: Anne Fouilloux\n\n**Tutorial Author(s)**: [Anne Fouilloux](https://training.galaxyproject.org/training-material/hall-of-fame/annefou/), [Hui Tang](https://training.galaxyproject.org/training-material/hall-of-fame/huitang-earth/)\n\n[![gtn star logo followed by the word workflows](https://training.galaxyproject.org/training-material/assets/branding/gtn-workflows.png)](https://training.galaxyproject.org/training-material/)",
      "version": "1.0",
      "license": "https://spdx.org/licenses/Apache-2.0",
      "datePublished": "2025-01-20T17:50:29.471+00:00",
      "mainEntity": {
        "@id": "clm-fates-alp1-simulation-5years.ga"
      },
      "hasPart": [
        {
          "@id": "clm-fates-alp1-simulation-5years.ga"
        },
        {
          "@id": "graph.png"
        }
      ]
    },
    {
      "@id": "clm-fates-alp1-simulation-5years.ga",
      "@type": [
        "File",
        "SoftwareSourceCode",
        "ComputationalWorkflow"
      ],
      "author": [
        {
          "@id": "https://orcid.org/0000-0002-1784-2920"
        }
      ],
      "name": "CLM-FATES_ ALP1 simulation (5 years)",
      "programmingLanguage": {
        "@id": "https://w3id.org/workflowhub/workflow-ro-crate#galaxy"
      },
      "image": {
        "@id": "graph.png"
      }
    },
    {
      "@id": "graph.png",
      "@type": [
        "File",
        "ImageObject",
        "WorkflowSketch"
      ],
      "contentSize": 57175
    },
    {
      "@id": "https://w3id.org/workflowhub/workflow-ro-crate#galaxy",
      "@type": "ComputerLanguage",
      "identifier": {
        "@id": "https://galaxyproject.org/"
      },
      "name": "Galaxy",
      "url": {
        "@id": "https://galaxyproject.org/"
      },
      "version": "23.1"
    },
    {
      "@id": "https://orcid.org/0000-0002-1784-2920",
      "@type": "Person",
      "name": "Anne Fouilloux"
    }
  ]
}