{
  "@context": [
    "https://w3id.org/ro/crate/1.1/context"
  ],
  "@graph": [
    {
      "@id": "ro-crate-metadata.json",
      "@type": "CreativeWork",
      "about": {
        "@id": "https://training.galaxyproject.org/training-material/topics/contributing/tutorials/create-new-tutorial/workflows/Galaxy-Workflow-MakeAFakeInput.html"
      },
      "conformsTo": {
        "@id": "https://w3id.org/ro/crate/1.1"
      }
    },
    {
      "@id": "https://training.galaxyproject.org/training-material/topics/contributing/tutorials/create-new-tutorial/workflows/Galaxy-Workflow-MakeAFakeInput.html",
      "@type": "Dataset",
      "name": "MakeAFakeInput",
      "description": "Creating a new tutorial\n\n## Associated Tutorial\n\nThis workflows is part of the tutorial [Creating a new tutorial](https://training.galaxyproject.org/training-material/topics/contributing/tutorials/create-new-tutorial/tutorial.html), available in the [GTN](https://training.galaxyproject.org)\n\n\n\n\n\n## Thanks to...\n\n**Tutorial Author(s)**: [Bérénice Batut](https://training.galaxyproject.org/training-material/hall-of-fame/bebatut/), [Helena Rasche](https://training.galaxyproject.org/training-material/hall-of-fame/hexylena/), [Saskia Hiltemann](https://training.galaxyproject.org/training-material/hall-of-fame/shiltemann/), [Lucille Delisle](https://training.galaxyproject.org/training-material/hall-of-fame/lldelisle/)\n\n[![gtn star logo followed by the word workflows](https://training.galaxyproject.org/training-material/assets/branding/gtn-workflows.png)](https://training.galaxyproject.org/training-material/)",
      "version": "4.0",
      "license": "https://spdx.org/licenses/CC-BY-4.0",
      "datePublished": "2024-12-18T11:48:12.068+00:00",
      "mainEntity": {
        "@id": "galaxy-workflow-makeafakeinput.ga"
      },
      "hasPart": [
        {
          "@id": "galaxy-workflow-makeafakeinput.ga"
        },
        {
          "@id": "graph.png"
        }
      ]
    },
    {
      "@id": "galaxy-workflow-makeafakeinput.ga",
      "@type": [
        "File",
        "SoftwareSourceCode",
        "ComputationalWorkflow"
      ],
      "author": [

      ],
      "name": "MakeAFakeInput",
      "programmingLanguage": {
        "@id": "https://w3id.org/workflowhub/workflow-ro-crate#galaxy"
      },
      "image": {
        "@id": "graph.png"
      }
    },
    {
      "@id": "graph.png",
      "@type": [
        "File",
        "ImageObject",
        "WorkflowSketch"
      ],
      "contentSize": 87635
    },
    {
      "@id": "https://w3id.org/workflowhub/workflow-ro-crate#galaxy",
      "@type": "ComputerLanguage",
      "identifier": {
        "@id": "https://galaxyproject.org/"
      },
      "name": "Galaxy",
      "url": {
        "@id": "https://galaxyproject.org/"
      },
      "version": "23.1"
    }
  ]
}