{
  "@context": [
    "https://w3id.org/ro/crate/1.1/context"
  ],
  "@graph": [
    {
      "@id": "ro-crate-metadata.json",
      "@type": "CreativeWork",
      "about": {
        "@id": "https://training.galaxyproject.org/training-material/topics/ecology/tutorials/species-distribution-modeling/workflows/Galaxy-Workflow-Species_Distribution_Modeling_with_Wallace_from_GBIF_-_Training_material.html"
      },
      "conformsTo": {
        "@id": "https://w3id.org/ro/crate/1.1"
      }
    },
    {
      "@id": "https://training.galaxyproject.org/training-material/topics/ecology/tutorials/species-distribution-modeling/workflows/Galaxy-Workflow-Species_Distribution_Modeling_with_Wallace_from_GBIF_-_Training_material.html",
      "@type": "Dataset",
      "name": "Species Distribution Modeling With Wallace From GBIF - Training Material",
      "description": "Species distribution modeling\n\n## Associated Tutorial\n\nThis workflows is part of the tutorial [Species distribution modeling](https://training.galaxyproject.org/training-material/topics/ecology/tutorials/species-distribution-modeling/tutorial.html), available in the [GTN](https://training.galaxyproject.org)\n\n\n\n\n\n## Thanks to...\n\n**Tutorial Author(s)**: [Elisa Michon](https://training.galaxyproject.org/training-material/hall-of-fame/emichn/), [Yvan Le Bras](https://training.galaxyproject.org/training-material/hall-of-fame/yvanlebras/), [Bérénice Batut](https://training.galaxyproject.org/training-material/hall-of-fame/bebatut/)\n\n[![gtn star logo followed by the word workflows](https://training.galaxyproject.org/training-material/assets/branding/gtn-workflows.png)](https://training.galaxyproject.org/training-material/)",
      "version": "4.0",
      "license": "https://spdx.org/licenses/CC-BY-4.0",
      "datePublished": "2024-12-18T14:50:29.638+00:00",
      "mainEntity": {
        "@id": "galaxy-workflow-species-distribution-modeling-with-wallace-from-gbif---training-material.ga"
      },
      "hasPart": [
        {
          "@id": "galaxy-workflow-species-distribution-modeling-with-wallace-from-gbif---training-material.ga"
        },
        {
          "@id": "graph.png"
        }
      ]
    },
    {
      "@id": "galaxy-workflow-species-distribution-modeling-with-wallace-from-gbif---training-material.ga",
      "@type": [
        "File",
        "SoftwareSourceCode",
        "ComputationalWorkflow"
      ],
      "author": [

      ],
      "name": "Species Distribution Modeling With Wallace From GBIF - Training Material",
      "programmingLanguage": {
        "@id": "https://w3id.org/workflowhub/workflow-ro-crate#galaxy"
      },
      "image": {
        "@id": "graph.png"
      }
    },
    {
      "@id": "graph.png",
      "@type": [
        "File",
        "ImageObject",
        "WorkflowSketch"
      ],
      "contentSize": 19483
    },
    {
      "@id": "https://w3id.org/workflowhub/workflow-ro-crate#galaxy",
      "@type": "ComputerLanguage",
      "identifier": {
        "@id": "https://galaxyproject.org/"
      },
      "name": "Galaxy",
      "url": {
        "@id": "https://galaxyproject.org/"
      },
      "version": "23.1"
    }
  ]
}